地市,数据中心,机房名称,机房类别,状态记录,回退原因,开始调控日期,控制范围,机柜最高温,环境最高温,机柜预警线,机柜报警线,回风预警线,环境报警线,空调数量,机柜id,环境id,空调id,压线标志,控制描述,,,,,,
嘉兴,禾_B_嘉兴中山路局,7FIDC2机房,C,,,2022/12/19,22-29,27.4,28.3,33,34,29,27,5,,,,,,,,,,,
嘉兴,禾_C_海盐海滨路局,2F东ID01机房,C,,,2022/12/20,22-29,30.2,23.7,31,33,29,28,3,,,,,,,,,,,
台州,台_B_椒江枢纽大楼局,7FDC机房,B,,,2023/2/2,22-29,28.3,26.4,30,32,29,27,2,,,,,,,,,,,
嘉兴,禾_D_海盐武原武通桥局,1F综合机房,D,,,2023/2/8,24-29,32.2,24.2,40,41,29,30,1,,,,,,,,,,,
嘉兴,禾_D_平湖共建局,2F综合机房,D,,,2023/2/8,22-29,22.4,17.3,34,35,29,30,1,,,,,,,,,,,
嘉兴,禾_D_桐乡台商局,2F综合机房,D,已回退,该房间的环境温度一直超过30度，设定较低，耗能却无法控制,2023/2/8,22-29,27.7,30.2,34,35,29,29,1,,,,,,,,,,,
嘉兴,禾_C_嘉善亭桥路局,1F电力室,C,,,2023/2/9,22-28,-,25.6,32,33,29,28,1,,,,,,,,,,,
嘉兴,禾_J_嘉善丁栅(C)C网基站,1F综合机房,D,,,2023/2/9,22-29,31,26.8,35,36,29,30,1,,,,,,,,,,,
嘉兴,禾_J_乍浦嘉禾木业(C)C网基站,1F综合机房,D,已回退-交由浙邮部署,失败率过高,2023/2/9,22-29,34,25,38,39,29,30,1,,,,,,,,,,,
嘉兴,禾_L_桐乡永越(B)C网基站,1F综合机房,D,已回退,空调设定一直21，但是依然环境温度报警,2023/2/9,22-29,33.8,26.3,36,37,29,30,1,,,,,,,,,,,
嘉兴,禾_C_海宁城西局,3FIDC机房,D,,,2023/2/14,22-29,30.2,24.6,35,36,29,28,4,,,,,,,,,,,
嘉兴,禾_D_嘉兴马厍农贸市场局,2F综合机房,D,,,2023/2/14,22-29,31,26,36,37,29,30,1,,,,,,,,,,,
台州,台_C_黄岩老局,2F程控机房,C,,,2023/2/14,22-29,31.7,26.7,38,39,29,28,2,,,,,,,,,,,
台州,台_C_天台县局,3F综合机房,C,已回退,空调存在3-4度偏移量，局方要求暂停AI算法控制。请关停AI,2023/2/14,22-29,31.4,25.2,34,35,29,28,2,,,,,,,,,,,
嘉兴,禾_D_海盐百步五丰机房,1F综合机房,D,,,2023/2/15,22-29,24.8,22.5,32,33,29,30,1,,,,,,,,,,,
嘉兴,禾_D_平湖新埭局,3FZ01,D,,,2023/2/15,22-29,30.7,25.7,35,36,29,30,2,,,,,,,,,,,
嘉兴,禾_S_海盐60局(A)C网基站,5F无线机房,D,,,2023/2/15,22-29,37.8,28.4,41,42,29,30,1,,,,,,,,,,,
金华,婺_C_磐安城南局,2F综合机房,C,已回退-交由浙邮部署,调整空调策略，失败率超70%,2023/2/15,22-29,35.8,22.1,40,41,29,28,3,,,,,,,,,,,
金华,婺_C_浦江江南局,2F综合机房,C,,,2023/2/15,22-29,35.2,29.9,39,40,29,28,3,,,,,,,,,,,
舟山,舟_D_定海大丰局,2F综合机房,D,已回退,机房只有一个空调，开关状态缺失								,2023/2/15,22-29,26.5,23.9,31,32,29,30,1,,,,,,,,,,,
衢州,衢_A_衢州南街局,6F1#数据机房,B,,,2023/2/17,22-29,27.1,24.2,34,35,29,26,2,,,,,,,,,,,
衢州,衢_B_常山电信新大楼局,2F电子政务机房,C,,,2023/2/17,22-29,28,27.2,32,33,29,28,2,,,,,,,,,,,
衢州,衢_B_江山城中局,3F传输机房,C,已回退,机房整改中，且目前无法获取空调数据,2023/2/17,22-29,39.2,27.9,40,41,29,28,3,,,,,,,,,,,
衢州,衢_B_江山城中局,4F数据机房,C,,,2023/2/17,22-29,28,26.1,33,34,29,27,1,,,,,,,,,,,
衢州,衢_B_开化城关局,3F传输机房,C,,,2023/2/17,22-29,32.4,29.2,37,38,29,29,2,,,,,,,,,,,
衢州,衢_C_衢州南区局,3F综合机房,C,,,2023/2/17,22-29,28.1,23.7,33,34,29,28,5,,,,,,,,,,,
衢州,衢_D_龙游湖镇局,3F综合机房,D,,,2023/2/17,22-29,37.2,25.6,40,41,29,30,1,,,,,,,,,,,
台州,台_C_温岭三星大楼局,5F数据机房,C,,,2023/2/17,22-29,31.7,22,32,33,29,28,6,,,,,,,,,,,
金华,婺_A_金华城南局,枢纽楼9FCDMA机房,A,,,2023/2/17,22-29,32,25.6,35,36,29,26,1,,,,,,,,,,,
金华,婺_CJ_武义城中局,3F综合机房,C,已回退,局方认为调控过低，要求暂停，目前仅保留预警调优的监控,2023/2/17,22-29,35.2,24,35,36,29,28,5,,,,,,,,,,,
嘉兴,禾_D_嘉善干窑开发区局,2F综合机房,D,已回退,环境温度过高，持续告警,2023/2/20,22-29,28.2,18.2,33,34,29,30,1,,,,,,,,,,,
衢州,衢_A_衢州南街局,4F传输机房,B,已回退,,2023/2/20,22-29,22.4,20.1,29,30,29,28,4,,,,,,,,,,,
台州,台_B_椒江枢纽大楼局,4F网络监控室机房,B,已回退-拆除,局方反馈机房拆除,2023/2/20,22-29,25.3,24.7,29,30,29,27,3,,,,,,,,,,,
台州,台_C_临海城东局,2F综合机房,C,,,2023/2/20,22-29,36,27.7,43,44,29,29,2,,,,,,,,,,,
台州,台_C_临海巾山路局,3F传输机房,C,已回退,"空调存在3-4度偏移量，局方要求暂停AI算法控制。请关停AI，二次回退，18-->26",2023/2/20,22-29,,,35,36,29,29,2,,,,,,,,,,,
金华,婺_A_金华城南局,枢纽楼8F电力室,B,,,2023/2/20,22-29,-,19.2,26,26,29,26,1,,,,,,,,,,,
金华,婺_C_义乌宾王局,4F数据室,C,,,2023/2/20,22-29,33.6,25.8,38,39,29,28,2,,,,,,,,,,,
金华,婺_C_永康城中局,2FZ05机房,C,,,2023/2/20,22-29,25.8,27.1,30,32,29,28,1,,,,,,,,,,,
嘉兴,禾_B_嘉兴第二枢纽楼局,10F数据机房,B,,,2023/2/21,22-29,39,24.8,42,43,29,27,4,,,,,,,,,,,
嘉兴,禾_B_嘉兴第二枢纽楼局,8F新电力室（动力机房）,C,,,2023/2/21,22-29,-,27.7,32,33,29,29,2,,,,,,,,,,,
嘉兴,禾_J_平湖东湖体育场(B)C网基站,1F综合机房,D,,,2023/2/21,22-29,32.3,24.6,36,37,29,30,1,,,,,,,,,,,
金华,婺_D_婺城新狮局,2F综合机房,D,,,2023/2/21,22-29,33.9,26.1,59,60,33,35,1,,,,,,,,,,,
舟山,舟_D_普陀东港昌正大厦局,7F综合机房,D,,,2023/2/21,22-29,29.9,29.5,34,35,29,30,2,,,,,,,,,,,
台州,台_C_临海城东局,3F传输室,C,,,2023/2/22,22-29,32,26,39,40,29,28,1,,,,,,,,,,,
台州,台_C_仙居新大楼局,3F综合机房,C,,,2023/2/22,22-29,38.3,27.8,43,44,29,29,3,,,,,,,,,,,
台州,台_C_温岭三星大楼局,1F综合机房,C,,,2023/2/24,22-29,41,28.9,46,47,29,30,2,,,,,,,,,,,
台州,台_C_温岭三星大楼局,1FOLT设备机房,C,已回退,由于两台空调给22度依然回风报警，暂停部署,2023/2/24,22-29,29.3,31.1,32,33,29,32,2,,,,,,,,,,,
台州,台_C_玉环县局,3F传输机房,C,已回退,空调存在3-4度偏移量，局方要求暂停AI算法控制。请关停AI,2023/2/24,22-29,37.7,25.2,40,41,29,28,1,,,,,,,,,,,
金华,婺_C_东阳望江局,2FZ02机房,C,已回退,空调在21，回风30度，环境28.2超过C类管控机房（已暂停AI）,2023/2/24,22-29,37.9,31.7,39,40,29,32,2,,,,,,,,,,,
绍兴,绍_B_绍兴城东号百大楼局,绍兴号百大楼五楼综合机房,B,已回退,局方要求，机房下线,2023/2/27,22-29,32.2,23.3,39,40,29,28,5,,,,,,,,,,,
绍兴,绍_C_诸暨城东局,2F综合机房Z01,C,未实施,,2023/2/27,22-29,37.6,22.7,39,40,29,28,4,,,,,,,,,,,
嘉兴,禾_D_海宁被面市场局,2F综合机房,D,,,2023/3/3,22-29,37.4,27.1,41,42,29,30,4,,,,,,,,,,,
嘉兴,禾_D_海宁丁桥局,2F综合机房,D,,,2023/3/3,22-29,27.7,25,33,34,29,30,2,,,,,,,,,,,
嘉兴,禾_D_海宁黄湾尖山新区局,2F综合机房,D,,,2023/3/3,22-29,32.5,27.3,39,40,29,30,3,,,,,,,,,,,
嘉兴,禾_D_海盐六里局,2F综合机房,D,,,2023/3/3,22-29,32.8,26.9,38,39,29,30,1,,,,,,,,,,,
嘉兴,禾_D_海盐沈荡局,2F综合机房,D,,,2023/3/3,22-29,28,23.9,32,33,29,30,2,,,,,,,,,,,
嘉兴,禾_D_海盐通元局,2F综合机房,D,,,2023/3/3,22-30,36.1,25.9,36,37,31,30,2,,,,,,,,,,,
嘉兴,禾_D_海盐武原城南局,2F综合机房,D,,,2023/3/3,22-29,32.1,28.3,37,38,29,30,2,,,,,,,,,,,
嘉兴,禾_D_嘉兴高中园区局,1F综合机房,D,已回退,回风温度过高,2023/3/3,22-30,44.1,27.3,45,46,31,30,1,,,,,,,,,,,
嘉兴,禾_D_平湖乍浦天妃苑局,2FZ01机房,D,,,2023/3/3,22-29,31.7,22,34,35,29,30,2,,,,,,,,,,,
嘉兴,禾_J_嘉兴三水湾(A)C网基站,3F综合机房,D,,,2023/3/3,22-30,38.4,19.9,40,41,31,30,2,,,,,,,,,,,
嘉兴,禾_L_嘉兴真如(B)C网基站,3F综合机房,D,,,2023/3/3,22-30,36,30.6,37,38,31,32,2,,,,,,,,,,,
嘉兴,禾_S_嘉兴油车港工业园区(B)C网基站,1F综合机房,D,,,2023/3/3,22-30,34.3,28.7,38,39,31,30,1,,,,,,,,,,,
嘉兴,禾_D_海宁钱江工业园区局,1F综合机房,D,,,2023/3/7,22-29,28.9,22.8,33,34,29,30,1,,,,,,,,,,,
嘉兴,禾_D_嘉兴石堰局,1F综合机房,D,,,2023/3/7,22-29,41.5,25.3,43,44,29,30,2,,,,,,,,,,,
嘉兴,禾_J_嘉兴清河(A)C网基站,14F综合机房,D,,,2023/3/7,22-29,33.5,26.1,38,39,29,30,2,,,,,,,,,,,
嘉兴,禾_L_嘉兴高照(A)C网基站,1F综合机房,D,,,2023/3/7,22-29,30.6,28.6,33,34,29,30,2,,,,,,,,,,,
嘉兴,禾_D_平湖乍浦局,2FZ01机房,D,,,2023/3/16,22-29,32,25.8,37,38,29,30,2,,,,,,,,,,,
嘉兴,禾_D_桐乡濮院局,2F综合机房,D,,,2023/3/16,22-29,27.2,23.8,33,34,29,30,2,,,,,,,,,,,
嘉兴,禾_J_嘉善西塘(B)C网基站,3F综合机房,D,,,2023/3/16,22-29,38.8,26,39,40,29,30,1,,,,,,,,,,,
嘉兴,禾_B_嘉兴中山路局,5FIDC4机房,B,,,2023/3/17,22-29,28.4,24.8,33,34,29,27,5,,,,,,,,,,,
嘉兴,禾_D_海盐于城局,2F综合机房,D,,,2023/3/17,22-29,28.8,25.3,33,34,29,30,3,,,,,,,,,,,
金华,婺_C_东阳城中局,5FD01机房,C,已回退, 空调在21度一天多了，环境温度超过阈值压不下去，怀疑空调无法影响环境测点,2023/3/17,22-29,35.6,25.9,40,41,29,28,1,,,,,,,,,,,
金华,婺_D_兰溪水亭局,2F综合机房,D,,,2023/3/17,26-30,28.2,25.1,59,60,33,35,1,,,,,,,,,,,
金华,婺_D_兰溪游埠局,2F综合机房,D,,,2023/3/17,22-29,34.2,27.8,59,60,33,35,1,,,,,,,,,,,
宁波,甬_C_慈溪观城局,2F综合机房,C,已回退,空调坏了，机房整治，暂停部署，交给浙邮实施,2023/3/20,22-29,32,24.4,37,38,29,28,5,,,,,,,,,,,
嘉兴,禾_B_嘉兴中山路局,6F东资源池机房,C,,,2023/3/22,22-29,27.3,25.3,59,60,29,29,5,,,,,,,,,,,
嘉兴,禾_B_嘉兴中山路局,6F西资源池机房,C,已回退,,2023/3/22,22-29,24.3,25.4,33,34,29,27,7,,,,,,,,,,,
嘉兴,禾_C_嘉善亭桥路局,2FT01机房,C,,,2023/3/22,22-29,30.5,27.8,35,36,29,29,4,,,,,,,,,,,
嘉兴,禾_B_嘉兴第二枢纽楼局,8F云资源池机房,C,,,2023/3/24,22-29,23.6,24.3,30,31,29,27,2,,,,,,,,,,,
嘉兴,禾_C_海宁干河街局,4F政府云机房,C,,,2023/3/24,22-29,25.3,22.35,30,31,29,28,列间,,,,,,,,,,,
嘉兴,禾_C_海盐海滨路局,1F电池室（动力机房）,C,,,2023/3/24,22-29,25.3,22.9,30,31,29,28,1,,,,,,,,,,,
嘉兴,禾_C_海盐海滨路局,2F西ID02机房,C,,,2023/3/24,22-29,27.1,24.7,32,33,29,28,2,,,,,,,,,,,
嘉兴,禾_C_嘉兴清河政务云机房局,3FIDC4机房,C,,,2023/3/24,22-29,30.8,24.65,35,36,29,28,列间,,,,,,,,,,,
嘉兴,禾_C_桐乡桐乡局,4F综合机房,C,,,2023/3/24,22-29,29.3,25.3,34,35,29,28,3,,,,,,,,,,,
嘉兴,禾_D_平湖乍浦局,2F5G机房,D,,,2023/3/24,22-29,28.5,25.4,33,34,29,30,1,,,,,,,,,,,
金华,婺_D_兰溪马涧局,2F综合机房,D,,,2023/3/24,24-29,35.1,24.4,40,41,29,33,1,,,,,,,,,,,
金华,婺_J_兰溪横溪(B)C网基站,3F综合机房,D,,,2023/3/24,22-29,26.2,25.8,31,32,29,30,1,,,,,,,,,,,
金华,婺_C_兰溪城西局,2F数据机房,C,已回退,环境温度缺失,2023/3/28,22-29,3333.9,23.2,38,39,29,28,1,,,,,,,,,,,
金华,婺_C_义乌江东局,2F电力室,C,,,2023/3/28,22-29,24.7,25.5,29,30,29,28,1,,,,,,,,,,,
嘉兴,禾_C_海盐海滨路局,4FZ02机房,D,,,2023/3/29,22-29,31,25.5,36,37,29,28,5,,,,,,,,,,,
嘉兴,禾_C_嘉善亭桥路局,2F存储机房,C,已回退-交由浙邮部署,失败率过高,2023/3/29,25-29,37.8,29,42,43,29,30,4,,,,,,,,,,,
嘉兴,禾_D_海盐秦山局,2F综合机房,D,,,2023/3/29,22-29,31.6,24.4,36,37,29,30,3,,,,,,,,,,,
嘉兴,禾_D_平湖林埭局,2FZ01机房,D,,,2023/3/29,22-29,36.1,25.4,41,42,29,30,2,,,,,,,,,,,
衢州,衢_A_衢州枢纽楼局,4F传输机房,B,,,2023/3/29,22-29,31.7,28.8,36,37,29,28,4,,,,,,,,,,,
金华,婺_A_金华城南局,枢纽楼5FIDC核心机房,A,,,2023/3/30,22-28,25.5,19.1,28,29,28,26,1,,,,,,,,,,,
金华,婺_C_兰溪城西局,3F客户数据机房,C,,,2023/4/3,22-29,29.4,25.7,34,35,29,28,3,,,,,,,,,,,
金华,婺_C_义乌宾王局,3F传输室,C,未实施,,2023/4/3,22-29,32.7,24.5,37,38,29,28,2,,,,,,,,,,,
丽水,丽_A_莲都城东AI局,7FDCN机房,B,,,2023/4/4,22-28,31,22,35,36,29,26,3,,,,,,,,,,,
丽水,丽_A_莲都城东AI局,8FIDC机房,B,,,2023/4/4,25-28,34.3,25.1,39,40,29,26,2,,,,,,,,,,,
丽水,丽_C_莲都碧湖局,2F综合机房,D,,,2023/4/4,22-29,33.7,22.4,38,39,29,28,2,,,,,,,,,,,
金华,婺_C_义乌电商云计算中心局,2FUPS配电机房,C,,,2023/4/4,22-29,-,26,30,31,29,28,1,,,,,,,,,,,
台州,台_B_椒江枢纽大楼局,5FC网核心机房,B,,,2023/4/6,22-29,30.8,21,39,40,29,27,2,,,,,,,,,,,
台州,台_C_黄岩老局,3F传输机房,C,已回退,空调存在3-4度偏移量，局方要求暂停AI算法控制。请关停AI,2023/4/6,22-29,33,25,39,40,29,28,1,,,,,,,,,,,
台州,台_C_三门县局,2F程控室,C,,,2023/4/6,24-28,31.8,26.6,59,60,29,29,1,,,,,,,,,,,
嘉兴,禾_D_海宁郭店(含C网)局,2F综合机房,D,,,2023/4/7,25-29,28.8,23.1,39,40,29,30,2,,,,,,,,,,,
嘉兴,禾_J_嘉善惠民(B)C网基站,1F综合机房,D,已回退,失败率过高,2023/4/7,25-29,30.8,23.9,39,40,29,30,1,,,,,,,,,,,
嘉兴,禾_L_嘉兴中山路(A)C网基站,8F综合机房,D,,,2023/4/7,25-29,30.5,25.1,39,40,29,30,2,,,,,,,,,,,
金华,婺_C_东阳望江局,4FZ01机房,C,已回退,空调在21，回风30度，环境28.2超过C类管控机房（已暂停AI）,2023/4/10,22-29,,,,,,,,,,,,,,,,,,
金华,婺_D_兰溪墩头局,2F综合机房,D,,,2023/4/11,25-29,34.5,31.3,39,40,29,33,1,,,,,,,,,,,
金华,婺_D_婺城汤溪局,2F综合机房,D,,,2023/4/11,25-29,30,25.8,59,60,30,32,1,,,,,,,,,,,
金华,婺_D_婺城雅畈局,2F综合机房,D,,,2023/4/11,25-29,32.9,27,59,60,32,34,1,,,,,,,,,,,
嘉兴,禾_C_平湖南市局,2FT01机房,C,,,2023/4/12,22-29,32.2,26.9,39,40,29,28,1,,,,,,,,,,,
嘉兴,禾_D_海盐百步局,2F综合机房,D,,,2023/4/12,22-29,35.5,25.9,39,40,29,30,2,,,,,,,,,,,
嘉兴,禾_D_海盐开发区东海花苑局,1F综合机房,D,,,2023/4/12,22-29,28.2,24.1,39,40,29,30,2,,,,,,,,,,,
嘉兴,禾_D_平湖全塘局,2F综合机房,D,,,2023/4/12,22-29,31,25.5,39,40,29,30,2,,,,,,,,,,,
台州,台_B_椒江枢纽大楼局,6FIDC机房1,B,,,2023/4/13,22-29,28.5,22.1,39,40,29,27,4,,,,,,,,,,,
丽水,丽_B_龙泉龙泉市局,3F综合机房,C,,,2023/4/14,22-29,34.7,26.6,39,40,29,32,4,,,,,,,,,,,
丽水,丽_B_龙泉龙泉市局,4F_IDC机房,C,,,2023/4/14,22-29,32.8,26.6,39,40,29,32,3,,,,,,,,,,,
丽水,丽_D_莲都白云小区局,1F综合机房,D,,,2023/4/14,22-29,38.1,29,40,41,29,30,3,,,,,,,,,,,
金华,婺_B_婺城江南局,3F综合机房,C,,,2023/4/14,22-29,36.1,26.3,39,40,29,27,1,,,,,,,,,,,
金华,婺_C_婺城秋滨局,2FZ01机房,C,,,2023/4/14,22-29,29.9,25.6,39,40,29,28,1,,,,,,,,,,,
金华,婺_C_义乌江东局,2FD01机房,C,,,2023/4/14,22-29,26.8,24.3,39,40,29,28,2,,,,,,,,,,,
金华,婺_D_兰溪下陈赵局,2F综合机房,D,,,2023/4/14,22-29,29.7,26.3,39,40,29,30,2,,,,,,,,,,,
嘉兴,禾_C_桐乡桐乡局,3F传输机房,C,,,2023/4/21,25-29,32.7,27.4,39,40,29,28,4,,,,,,,,,,,
台州,台_B_椒江枢纽大楼局,2F10000号机房,C,,,2023/4/21,22-29,32.9,27.8,39,40,29,28,3,,,,,,,,,,,
台州,台_C_温岭三星大楼局,5F数据机房2,C,,,2023/4/21,22-29,30.8,25.5,39,40,29,28,4,,,,,,,,,,,
宁波,甬_C_慈溪杭州湾中心局,1F综合机房,C,,,2023/4/21,22-29,28.7,23.6,39,40,29,28,2,,,,,,,,,,,
宁波,甬_C_海曙鄞石碶局,2F综合机房,C,,,2023/4/21,22-29,37.7,27.3,39,40,29,28,5,,,,,,,,,,,
宁波,甬_C_江东紫鹃局,2F无线机房,C,已回退-交由浙邮部署,此机房和2F综合机房是一个机房，均交给浙邮部署完成统一结算,2023/4/21,22-29,32.7,26.3,39,40,29,28,2,,,,,,,,,,,
宁波,甬_C_江东紫鹃局,2F综合机房,C,已回退-交由浙邮部署,策略执行，失败率70%过高,2023/4/21,22-29,28.9,27.8,39,40,29,28,2,,,,,,,,,,,
宁波,甬_C_鄞州邱隘局,4F传输机房,C,,,2023/4/21,22-29,33.1,28.6,39,40,29,29,2,,,,,,,,,,,
宁波,甬_D_海曙鄞古林局,2F综合机房,D,已回退,杨-0702：两台空调状态获取不到，并且这样要求停止AI,2023/4/21,22-29,40,29.7,39,40,29,30,3,,,,,,,,,,,
嘉兴,禾_B_嘉兴中山路局,3F西传输机房,C,,,2023/4/24,24-29,32.3,27.7,39,40,29,28,4,,,,,,,,,,,
嘉兴,禾_C_海盐海滨路局,3F数据机房,C,,,2023/4/24,24-29,27.4,27.4,39,40,29,28,1,,,,,,,,,,,
嘉兴,禾_C_平湖南市局,2FJ01机房,D,,,2023/4/24,24-29,36.5,28.4,39,40,29,29,1,,,,,,,,,,,
丽水,丽_B_景宁县局,2F综合机房,C,,,2023/4/24,24-29,28.4,27.6,39,40,29,28,2,,,,,,,,,,,
宁波,甬_C_北仑小港局,3F综合机房,C,已回退,失败率过高,2023/4/24,24-29,35.1,27.4,39,40,29,28,4,,,,,,,,,,,
宁波,甬_D_杭州湾庵东局,2F综合机房,C,已回退,6.9日北研预警，空调控制到26，但回风31.2和29.5,2023/4/24,23-29,33.9,28.7,39,40,29,30,3,,,,,,,,,,,
宁波,甬_D_鄞州莫枝局,2F综合机房,C,已回退,,2023/4/24,23-29,32.4,28.7,39,40,29,30,3,,,,,,,,,,,
宁波,甬_D_鄞州下应局,2F综合机房,C,已回退-交由浙邮部署,失败率过高,2023/4/24,23-29,33.1,27.9,39,40,29,30,3,,,,,,,,,,,
嘉兴,禾_C_嘉兴城东局,2F综合机房,D,已回退,回风温度过高,2023/5/8,22-29,41.9,25.7,46,47,29,28,4,,,,,,,,,,,
嘉兴,禾_C_桐乡庆丰局,3F数据机房,C,,,2023/5/8,23-29,28.1,30.4,39,40,29,31,3,,,,,,,,,,,
嘉兴,禾_D_嘉兴江南水乡局,2F综合机房,D,,,2023/5/8,23-29,37,27.9,39,40,29,30,4,,,,,,,,,,,
嘉兴,禾_D_桐乡乌镇景区局,2F综合机房,D,,,2023/5/8,24-29,35.7,26.7,39,40,29,30,2,,,,,,,,,,,
嘉兴,禾_S_海盐电信大楼(A)C网基站,8F综合机房,C,已回退,,2023/5/8,25-29,37.6,28.8,39,40,29,30,6,,,,,,,,,,,
嘉兴,禾_S_嘉兴嘉北工业园区(B)C网基站,1F综合机房,D,,,2023/5/8,23-29,27.1,28,39,40,29,30,2,,,,,,,,,,,
丽水,丽_A_莲都城东AI局,1F交换机房,B,已回退,6.11日北研预警，频繁发生回风预警,2023/5/8,24-29,34.5,27.7,39,40,29,29,2,,,,,,,,,,,
丽水,丽_A_莲都城东AI局,7F数据机房,B,,,2023/5/8,22-29,32.8,27.2,39,40,29,27,2,,,,,,,,,,,
丽水,丽_A_莲都城中AI局,2F_IDC机房,B,,,2023/5/8,24-27,32.6,27.2,59,60,29,29,3,,,,,,,,,,,
丽水,丽_A_莲都城中AI局,2F_S213机房,B,,,2023/5/8,25-29,33.2,25.9,39,40,29,26,2,,,,,,,,,,,
丽水,丽_A_莲都城中AI局,2F光配机房,B,,,2023/5/8,24-29,32,28.7,39,40,29,30,1,,,,,,,,,,,
丽水,丽_A_莲都城中AI局,4F核心网机房,B,已回退,环境温度缺失,2023/5/8,24-29,30.1,27.9,39,40,29,29,1,,,,,,,,,,,
丽水,丽_B_云和云和县局,3F数据机房,C,,,2023/5/8,23-29,26.8,26.2,59,60,29,29,1,,,,,,,,,,,
丽水,丽_C_缙云壶镇局,2F综合机房,D,,,2023/5/8,25-29,36.4,27.7,39,40,29,28,2,,,,,,,,,,,
丽水,丽_C_莲都接官亭局,1F综合机房,D,,,2023/5/8,23-29,28.8,28.5,39,40,29,30,2,,,,,,,,,,,
台州,台_C_临海巾山路局,2FIDC机房,C,,,2023/5/8,22-29,33.7,27.8,39,40,29,29,6,,,,,,,,,,,
台州,台_C_天台桥南局,3F综合机房,C,,,2023/5/8,25-29,34.6,27.7,39,40,29,29,10,,,,,,,,,,,
金华,婺_C_东阳望江局,1FID01机房,C,未部署,局方要求,2023/5/8,23-29,27.7,24.9,39,40,29,28,1,,,,,,,,,,,
金华,婺_C_浦江城中局,2FZ02机房,C,,,2023/5/8,24-29,26.4,27,39,40,29,28,2,,,,,,,,,,,
金华,婺_D_东阳横店局,2FZ02机房,D,,,2023/5/8,26-29,35.5,29.4,59,60,31,32,2,,,,,,,,,,,
金华,婺_D_东阳横店局,3FZ01机房,D,,,2023/5/8,26-29,31.7,27.8,39,40,29,30,1,,,,,,,,,,,
金华,婺_D_东阳黄田畈局,2F综合机房,D,,,2023/5/8,26-29,32,29.8,59,60,29,31,1,,,,,,,,,,,
金华,婺_D_东阳六石局,3F综合机房,D,,,2023/5/8,26-29,32.4,28.7,39,40,29,30,1,,,,,,,,,,,
金华,婺_D_兰溪外商园局,2F综合机房,D,,,2023/5/8,26-29,35.4,29.2,59,60,30,32,2,,,,,,,,,,,
金华,婺_D_武义王宅局,2F综合机房,D,,,2023/5/8,25-29,29.5,24.7,39,40,29,30,1,,,,,,,,,,,
金华,婺_D_永康胡库局,2F综合机房,D,,,2023/5/8,24-29,29.2,25.8,39,40,29,30,1,,,,,,,,,,,
金华,婺_D_永康科技园三期局,2F综合机房,D,已回退,频繁预警,2023/5/8,24-29,28.6,25.1,39,40,29,30,1,,,,,,,,,,,
金华,婺_D_永康石柱局,2F综合机房,D,,,2023/5/8,25-29,30.6,27.3,59,60,30,32,2,,,,,,,,,,,
金华,婺_D_永康五金城局,2F综合机房,D,,,2023/5/8,24-29,32.7,25,39,40,29,30,1,,,,,,,,,,,
金华,婺_D_永康西溪局,2F综合机房,D,,,2023/5/8,25-29,30.5,26.4,59,60,30,31,1,,,,,,,,,,,
金华,婺_J_兰溪灵洞(B)C网基站,2F综合机房,D,,,2023/5/8,26-29,24.4,26.4,59,60,32,34,2,,,,,,,,,,,
宁波,甬_A_海曙解北枢纽局,5F电力室,A,,,2023/5/8,23-29,,25.1,39,40,29,26,1,,,,,,,,,,,
宁波,甬_A_江东鄞中枢纽局,11F电力室,A,已回退,,2023/5/8,24-29,,25,39,40,29,26,1,,,,,,,,,,,
宁波,甬_C_宁海中街母局,2F数据机房,C,,,2023/5/8,24-29,35.9,26.5,39,40,29,28,2,,,,,,,,,,,
宁波,甬_C_宁海中街母局,3FIDC机房,C,,,2023/5/8,24-29,34.5,26.8,39,40,29,28,4,,,,,,,,,,,
宁波,甬_C_宁海中街母局,4F数据机房,C,已回退,,2023/5/8,25-29,27.7,29.2,39,40,29,30,2,,,,,,,,,,,
宁波,甬_C_余姚富巷母局,2F综合机房,C,,,2023/5/8,23-29,35.7,23.4,39,40,29,28,1,,,,,,,,,,,
宁波,甬_D_象山南郊新局,3F综合机房,C,,,2023/5/8,23-29,32.1,25.9,39,40,29,30,2,,,,,,,,,,,
嘉兴,禾_D_平湖新仓局,2F综合机房,D,,,2023/5/9,26-29,32.1,27.5,39,40,29,30,3,,,,,,,,,,,
衢州,衢_B_龙游新一路局,2F数据机房,C,,,2023/5/9,23-29,30.2,25.8,39,40,29,27,2,,,,,,,,,,,
台州,台_C_三门县局,3F传输室,C,,,2023/5/9,24-29,31.3,27.6,39,40,29,29,4,,,,,,,,,,,
温州,温_B_鹿城南站三油机局,南站7楼核心网机房,B,,,2023/5/9,24-29,36.3,27.1,39,40,29,28,2,,,,,,,,,,,
温州,温_B_鹿城南站三油机局,南站7楼无线机房,B,,,2023/5/9,22-29,,,39,40,29,27,,,,,,,,,,,,
金华,婺_A_云计算中心二号楼局,1F小配电房,A,,,2023/5/9,23-29,,25.4,39,40,29,27,2,,,,,,,,,,,
金华,婺_A_云计算中心二号楼局,2F2-1电力电池室,A,,,2023/5/9,23-29,,25.4,39,40,29,27,1,,,,,,,,,,,
金华,婺_A_云计算中心二号楼局,3F3-2电力电池室,A,,,2023/5/9,23-29,,24.8,39,40,29,26,1,,,,,,,,,,,
金华,婺_A_云计算中心二号楼局,4F4-2电力电池室,A,,,2023/5/9,23-29,,25.7,39,40,29,27,1,,,,,,,,,,,
金华,婺_A_云计算中心三号楼局1F小配电机房,三号楼1F小配电机房,B,,,2023/5/9,23-29,,26.1,39,40,29,27,1,,,,,,,,,,,
金华,婺_A_云计算中心一号楼局3-1电力室,一号楼3-1电力电池室,A,,环境温度缺失--6.26已解决,2023/5/9,22-29,,24.2,39,40,29,26,1,,,,,,,,,,,
金华,婺_D_兰溪国际花园局,2F综合机房,D,,,2023/5/9,25-29,29.5,27.7,59,60,31,32,2,,,,,,,,,,,
嘉兴,禾_B_嘉兴中山路局,6F数据机房,B,,,2023/5/11,22-29,30.9,27.3,39,40,29,29,3,,,,,,,,,,,
嘉兴,禾_C_海宁城西局,2F综合机房,C,,,2023/5/11,23-29,40.2,23.3,42,43,29,28,2,,,,,,,,,,,
嘉兴,禾_C_嘉善亭桥路局,4FIDC机房,C,,,2023/5/11,22-29,29.6,27.4,39,40,29,29,4,,,,,,,,,,,
嘉兴,禾_C_嘉兴清河政务云机房局,1F西UPS室（PU02）,C,,,2023/5/11,23-29,,26.3,39,40,29,28,3,,,,,,,,,,,
嘉兴,禾_D_平湖曹桥局,2FT01机房,D,,,2023/5/11,24-29,41.4,29.5,43,44,29,31,2,,,,,,,,,,,
湖州,湖_C_安吉递铺局,老大楼PP02机房,C,,,2023/5/11,24-29,,24.1,39,40,29,28,1,,,,,,,,,,,
湖州,湖_C_安吉孝丰局,2FZ01机房,D,已回退,回风持续告警，失败率过高,2023/5/11,23-29,30.4,25.9,39,40,29,28,2,,,,,,,,,,,
湖州,湖_C_长兴雉城局,3FD01机房,C,,,2023/5/11,23-29,33.1,25.9,39,40,29,29,2,,,,,,,,,,,
湖州,湖_C_长兴雉城局,3FZ01机房,C,,,2023/5/11,24-29,30.8,25.7,39,40,29,29,5,,,,,,,,,,,
湖州,湖_C_德清武康母局,2FZ02机房,C,,,2023/5/11,23-29,34.8,27.5,39,40,29,29,1,,,,,,,,,,,
湖州,湖_C_南浔南浔母局,Z01机房,C,,,2023/5/11,22-29,34.2,26.2,39,40,29,28,4,,,,,,,,,,,
湖州,湖_C_吴兴吉山母局,2FZ01机房,D,,,2023/5/11,24-29,39.2,27.6,41,42,29,29,4,,,,,,,,,,,
湖州,湖_C_吴兴吉山母局,PY01机房,D,,,2023/5/11,25-29,,23.5,59,60,29,29,1,,,,,,,,,,,
湖州,湖_D_德清城关母局,Z01机房,D,已回退,回风过高，观察一下,2023/5/11,23-29,31.1,23,39,40,29,30,3,,,,,,,,,,,
湖州,湖_D_南浔菱湖局,3FZ01机房,D,,,2023/5/11,24-29,33.2,28.8,39,40,29,30,4,,,,,,,,,,,
丽水,丽_A_莲都城东AI局,6F云机房,C,,,2023/5/11,25-28,25.2,22.7,39,40,29,26,2,,,,,,,,,,,
丽水,丽_A_莲都城中AI局,4F交换机房,B,,,2023/5/11,24-28,21.8,24,39,40,29,26,1,,,,,,,,,,,
丽水,丽_A_莲都城中AI局,4F云机房,B,,,2023/5/11,24-28,,25.6,39,40,29,27,2,,,,,,,,,,,
丽水,丽_C_松阳古市局,2F综合机房,D,,,2023/5/11,24-29,32.1,27.3,39,40,29,29,1,,,,,,,,,,,
衢州,衢_B_龙游新一路局,2FIDC机房,C,,,2023/5/11,24-29,26.8,25.4,39,40,29,27,2,,,,,,,,,,,
衢州,衢_C_衢州下张局,2F综合机房,C,,,2023/5/11,22-29,29.2,27.3,39,40,29,29,3,,,,,,,,,,,
绍兴,绍_C_嵊州剡湖城北局,2F综合机房,C,已回退,,2023/5/11,26-29,37.1,25.1,39,40,29,28,1,,,,,,,,,,,
绍兴,绍_D_嵊州甘霖局,综合机房,D,已回退,机房下线，不再部署AI,2023/5/11,24-29,37,25.1,39,40,29,30,3,,,,,,,,,,,
台州,台_B_椒江枢纽大楼局,7F数据机房,B,,,2023/5/11,24-29,27.9,24.4,39,40,29,27,3,,,,,,,,,,,
台州,台_C_黄岩镇东局,3F数据传输机房,C,,,2023/5/11,24-29,40.5,27,42,43,29,28,3,,,,,,,,,,,
金华,婺_A_云计算中心二号楼局,2F2-2电力电池室,A,,,2023/5/11,23-28,,25.9,39,40,29,27,1,,,,,,,,,,,
金华,婺_A_云计算中心一号楼局,2F2-1电力电池室,A,,,2023/5/11,22-28,,24.3,39,40,29,26,1,,,,,,,,,,,
金华,婺_A_云计算中心一号楼局,3F3-2电力电池室,A,,,2023/5/11,23-28,,24.2,39,40,29,26,1,,,,,,,,,,,
金华,婺_A_云计算中心一号楼局,4F4-1电力电池室,A,,,2023/5/11,22-28,,25.6,39,40,29,27,1,,,,,,,,,,,
金华,婺_C_武义城南局,1F电力室,C,,,2023/5/11,26-29,,28,39,40,29,29,1,,,,,,,,,,,
嘉兴,禾_B_嘉兴第二枢纽楼局,4F传输机房,B,,,2023/6/1,24-28,33,29,59,60,29,30,5,"['3820170','3820171','3820172','3820173','3820174','3820175*3820174','3820176','3820176*3820175','3820177','3820178','3820179']",['3820180'],"['7348','7349','7350','7351']",1,该机房为B类机房，环境温度的最大值29.0，超过管控上限29比例小于10%，环境温度存在稳定值28.27，方差为0.04，温度的九分位数为28.6，稳定值28.27/九分位数28.6逼近管控上限29，控制，但非强化,,,,,,
嘉兴,禾_B_嘉兴中山路局,3F东传输机房,B,,,2023/6/1,24-28,35.8,27.7,59,60,29,29,4,"['3792203','3792205','3792206','3792207','3792208','3792209']","['3792204','3792210','3792211']","['1106575','701730','701732']",,该机房为B类机房，环境温度的最大值27.76666666666667低于管控上限值29，环境温度存在稳定值26.75，方差为0.22，温度的九分位数为27.3，故设置环境阈值为28，是稳定值26.75向上取整+1,,,,,,
嘉兴,禾_C_嘉兴清河政务云机房局,1FIDC6机房,C,,,2023/6/1,24-29,28.1,27.4,39,40,30,28,4,"['3793593*3793598','3793594','3793594*3793597','3793595','3793595*3793596','3793596*3793601','3793597*3793600','3793598*3793599','3793599*3793604','3793600','3793601','3793602','3793603','3793605*3793593']",['3793605'],"['567037','567038','567039']",,该机房为C类机房，环境温度的最大值27.4低于管控值28，环境温度存在稳定值24.98，方差为0.39，温度的九分位数为25.8，故设置环境阈值为28，等于管控值28,,,,,,
嘉兴,禾_C_桐乡庆丰局政务云机房,4F云机房（2）,C,,,2023/6/1,25-29,25.8,26.32,39,40,29,28,11,"['3795772*3795771','3795773*3795770','3795774*3795769','3795775*3795774','3795776*3795773','3795777*3795772','3795778','3795778*3795777','3795779','3795779*3795776','3795780','3795780*3795775']","['1736886','1736887','1736888','1736889','1736890','1736891','1736892','1736893','1736894','1736895']","['1736874','1736876','1736877','1736878','1736880','1736881','1736882','1736883','1736884','1736885']",,该机房为C类机房，环境温度的最大值26.32低于管控值28，环境温度不存在稳定值，温度均值为23.81，方差为1.25，且温度的九分位数为25.31，故设置环境阈值为28，等于管控值28,,,,,,
嘉兴,禾_D_平湖广陈局,2FZ01机房,D,,,2023/6/1,26-30,42.2,28.7,44,45,29,30,3,"['3804984','3804985','3804986']",['940125'],"['3237702','915254']",,该机房为D类机房，环境温度的最大值28.7低于管控值30，环境温度存在稳定值27.76，方差为0.83，温度的九分位数为28.5，故设置环境阈值为30，等于管控值30,,,,,,
湖州,湖_B_吴兴红旗母局,2FZ11机房,B,,,2023/6/1,24-28,31.6,24.8,59,60,29,28,6,"['3819030','3819031','3819031*3819036','3819033*3819032','3819034*3819033','3819035','3819035*3819034','3842184','3842185']",['3819036'],"['3818996','3818997','3818998','3818999','3819000']",,该机房为B类机房，环境温度的最大值24.8低于管控值27，环境温度存在稳定值23.59，方差为0.11，温度的九分位数为24.1，故设置环境阈值为27，等于管控值27,,,,,,
湖州,湖_C_安吉递铺局,老大楼3FZ01机房,C,已回退,0602机房整治，即将拆除,2023/6/1,23-29,37.2,27,39,40,34,28,6,"['3835730','3835731','3835732','3835732*3835731','3835733','3835735*3835734','3835736','3835736*3835735']",['3835737'],"['3835716','3835717','3835718','3835719','3835720']",,该机房为C类机房，环境温度的最大值27.0低于管控值28，环境温度存在稳定值26.15，方差为0.07，温度的九分位数为26.5，故设置环境阈值为28，等于管控值28,,,,,,
湖州,湖_D_长兴夹浦局,2FZ01机房,D,,,2023/6/1,24-30,29.5,26,39,40,34,30,2,"['3822163','3822163*3822164','3822165','3822166']",['3822167'],['3822162'],,该机房为D类机房，环境温度的最大值26.0低于管控值30，环境温度存在稳定值25.56，方差为0.03，温度的九分位数为25.7，故设置环境阈值为30，等于管控值30,,,,,,
丽水,丽_A_莲都城东AI局,6F核心网机房,B,,,2023/6/1,24-28,32.1,27.1,39,40,33,28,3,"['3813459','3813460','3813460*3813458','3813461','3813462','3813463']",['3813464'],"['3813438','3813439']",,该机房为B类机房，环境温度的最大值27.1低于管控上限值29，环境温度存在稳定值26.5，方差为0.02，温度的九分位数为26.7，故设置环境阈值为28，是稳定值26.5向上取整+1,,,,,,
丽水,丽_A_莲都城中AI局,3F传输机房,B,,,2023/6/1,24-28,34.9,29.4,39,40,29,30,4,"['3816318','3816319','3816320','3816320*3816321','3816321','3816322','3816323','3816324','3816325','3816326','3816327']",['3816328'],"['3816286','3816287','3816288']",1,该机房为B类机房，环境温度的最大值29.4，超过管控上限29比例大于50%同时小于10%，环境温度存在稳定值28.52，方差为0.14，温度的九分位数为28.9，稳定值28.52/九分位数28.9逼近管控上限29，控制，但非强化,,,,,,
丽水,丽_A_莲都城中AI局,5F数据机房,B,,,2023/6/1,25-28,33.1,29.6,39,40,29,30,5,"['3816348','3816349','3816350','3816350*3816349','3816351','3816352','3816353','3816353*3816352','3816354','3816355','3816356','3816357','3816358','3816359']",['3816360'],"['3816295','3816296','3816297','3816298']",1,该机房为B类机房，环境温度的最大值29.6，超过管控上限29比例大于50%同时小于10%，环境温度存在稳定值28.89，方差为0.07，温度的九分位数为29.0，稳定值28.89/九分位数29.0逼近管控上限29，控制，但非强化,,,,,,
丽水,丽_B_景宁县局,2F光配线室,C,,,2023/6/1,24-29,33.4,29.1,39,40,29,28,2,"['3806671','3806672']",['3806673'],['3806659'],,该机房为C类机房，环境温度的最大值29.1低于管控上限值30，环境温度存在稳定值26.14，方差为0.71，温度的九分位数为27.7，故设置环境阈值为28，是稳定值26.14向上取整+1,,,,,,
丽水,丽_B_景宁县局,3F传输机房,C,已回退,环境温度持续告警，失败率过高,2023/6/1,24-29,48,30.5,49,50,29,31,3,"['3806662','3806663','3806664','3806665','3806666','3806667','3806667*3806665','3806668']",['3806669'],"['3806657','3806658']",1,该机房为C类机房，环境温度的最大值30.5，超过管控上限30比例大于50%同时小于10%，环境温度存在稳定值29.9，方差为0.01，温度的九分位数为30.0，稳定值29.9/九分位数30.0逼近管控上限30，控制，但非强化,,,,,,
丽水,丽_B_松阳城西局,2F综合机房,C,,,2023/6/1,24-29,33.8,29.1,39,40,29,30,3,"['3805765','3805766','3805767']",['3805769'],"['3805760','3805761']",,该机房为C类机房，环境温度的最大值29.1低于管控上限值30，环境温度存在稳定值28.51，方差为0.18，温度的九分位数为28.9，故设置环境阈值为30，是稳定值28.51向上取整+1,,,,,,
丽水,丽_B_松阳城西局,3F传输机房,C,已回退,北研预警调优一直失败，3805763空调无法调整设定温度，回风高温,2023/6/1,22-29,34.1,28,39,40,29,29,3,"['3805770','3805772','3805773','3805773*3805774','3805774','3805775']",['3805776'],"['3805762','3805763']",,该机房为C类机房，环境温度的最大值28.0低于管控上限值30，环境温度存在稳定值27.22，方差为0.14，温度的九分位数为27.7，故设置环境阈值为29，是稳定值27.22向上取整+1,,,,,,
丽水,丽_B_遂昌遂昌县局,5F数据机房,C,,,2023/6/1,25-29,30.5,29.2,39,40,29,30,3,"['3805944','3805945','3805946','3805947','3805948']",['3805943'],"['3805940','3805941']",,该机房为C类机房，环境温度的最大值29.2低于管控上限值30，环境温度存在稳定值28.83，方差为0.07，温度的九分位数为29.0，故设置环境阈值为30，是稳定值28.83向上取整+1,,,,,,
丽水,丽_B_云和云和县局,2F交换机房,C,已回退,的海悟空调拆掉了没有可控空调了算法关闭,2023/6/1,24-29,30.6,28.7,39,40,29,30,2,"['3805710','3805711']",['3805712'],['3805688'],,该机房为C类机房，环境温度的最大值28.7低于管控上限值30，环境温度存在稳定值28.15，方差为0.03，温度的九分位数为28.3，故设置环境阈值为30，是稳定值28.15向上取整+1,,,,,,
丽水,丽_B_云和云和县局,4F传输机房,C,,,2023/6/1,24-29,36.4,29.9,39,40,29,30,3,"['3805703','3805704','3805705','3805706','3805707','3805708','3805709*3805703']",['3805709'],"['3805693','3805695']",,该机房为C类机房，环境温度的最大值29.9低于管控上限值30，环境温度存在稳定值28.81，方差为0.71，温度的九分位数为29.6，故设置环境阈值为30，是稳定值28.81向上取整+1,,,,,,
台州,台_C_路桥老局,2F综合机房,C,,,2023/6/1,25-29,40.2,25.9,42,43,34,28,3,"['3796425','3796426','3796427','3796428','3796429','3796429*3796428','3796430','3796431']",['158643'],"['158636','158638']",,该机房为C类机房，环境温度的最大值25.9低于管控值28，环境温度存在稳定值24.87，方差为0.25，温度的九分位数为25.4，故设置环境阈值为28，等于管控值28,,,,,,
台州,台_C_温岭横街局,2F综合机房,C,,,2023/6/1,24-29,28,26.6,39,40,29,28,4,"['3793635','3793635*3793636']","['160159','3793634']","['3793630','3793631','3793632']",,该机房为C类机房，环境温度的最大值26.6低于管控值28，环境温度存在稳定值25.92，方差为0.1，温度的九分位数为26.35，故设置环境阈值为28，等于管控值28,,,,,,
台州,台_C_温岭横街局,3F综合机房,C,,,2023/6/1,25-29,34.4,29.6,39,40,29,30,3,"['3794418','3794419','3794420','3794421']","['160161','3794423']","['3794416','3794417']",,该机房为C类机房，环境温度的最大值29.6低于管控上限值30，环境温度存在稳定值28.9，方差为0.08，温度的九分位数为29.25，故设置环境阈值为30，是稳定值28.9向上取整+1,,,,,,
金华,婺_A_金华城南局,枢纽楼3F省云资源池机房,A,已回退,送风控制，暂时回退,2023/6/1,22-28,25.2,25.3,39,40,34,26,6,"['3792317','3792318','3792319','3792320','3792321','3792321*3792324','3792322','3792323','3792325','3792326','3792327','3792328']",['39244'],"['46061','46068','46071','583987','583988']",,该机房为A类机房，环境温度的最大值25.3低于管控值26，环境温度存在稳定值24.88，方差为0.03，温度的九分位数为25.1，故设置环境阈值为26，等于管控值26,,,,,,
金华,婺_A_金华城南局,枢纽楼4F数据机房D02,A,,,2023/6/1,23-28,40.9,24,42,43,34,26,4,"['3794723','3794724','3794725','3794727','3794728','3794729','3794730','3794731','3794732','3794734','3794735']",['3794736'],"['584007','584008','584009']",,该机房为A类机房，环境温度的最大值24.0低于管控值26，环境温度存在稳定值21.91，方差为0.78，温度的九分位数为23.0，故设置环境阈值为26，等于管控值26,,,,,,
金华,婺_C_武义城南局,2F综合机房,C,,,2023/6/1,25-29,31.8,26.6,39,40,29,28,3,"['3799481','3799482','3799482*3799483','3799484']",['43300'],"['43294','43295']",,该机房为C类机房，环境温度的最大值26.6低于管控值28，环境温度存在稳定值26.15，方差为0.06，温度的九分位数为26.4，故设置环境阈值为28，等于管控值28,,,,,,
金华,婺_C_义乌江东局,3F综合机房,C,,,2023/6/1,24-29,43.2,28.1,45,46,29,29,3,"['3799195','3799196','3799197','3799198','3799199','3799200','3799200*3799201','3799201*3799202','3799202*3799203']",['40247'],"['490270','490271']",,该机房为C类机房，环境温度的最大值28.1低于管控上限值30，环境温度存在稳定值27.68，方差为0.04，温度的九分位数为27.8，故设置环境阈值为29，是稳定值27.68向上取整+1,,,,,,
金华,婺_D_永康芝英局,3F综合机房,D,,,2023/6/1,24-30,32.2,26.8,39,40,34,30,2,"['3805504','3805505','3805506','3805507']",['3845622'],['3805503'],,该机房为D类机房，环境温度的最大值26.8低于管控值30，环境温度存在稳定值26.11，方差为0.1，温度的九分位数为26.5，故设置环境阈值为30，等于管控值30,,,,,,
宁波,甬_A_海曙解北枢纽局,9F综合机房,A,,"1、多测点
2、6.6日发生回风温度告警，需将回风控制由30下降到29，北研算法人员修改
3、6.14号北研算法修改完成，重新打开AI，正常运行，更新状态记录",2023/6/1,24-28,26.7,23.7,39,40,34,26,3,['3832841'],['1357855'],"['1357781','1357782']",,该机房为A类机房，环境温度的最大值23.7低于管控值26，环境温度存在稳定值23.28，方差为0.03，温度的九分位数为23.5，故设置环境阈值为26，等于管控值26,,,,,,
宁波,甬_C_海曙启文局,2F综合机房,D,,,2023/6/1,24-30,31.1,26.6,39,40,34,30,3,"['3819367','3819368','3819369','3819370','3819371','3819372','3819373','3819374']",['1159119'],"['1159298','2575545']",,该机房为D类机房，环境温度的最大值26.6低于管控值30，环境温度存在稳定值24.51，方差为0.43，温度的九分位数为25.4，故设置环境阈值为30，等于管控值30,,,,,,
宁波,甬_C_江东明楼局,2F综合机房,C,已回退,1.0711因为缺失单测点阈值，控制过于严格，所以先回退,2023/6/1,23-29,41.6,28,59,60,34,28,4,"['1190644-26319226*3819701','3819689*3819700','3819690','3819691','3819692','3819693','3819694','3819695','3819696','3819698','3819699','3819700','3819701']","['1157590','1190644']","['1157566','1157567','3819682']",,该机房为C类机房，环境温度的最大值28.0低于管控上限值30，环境温度存在稳定值25.63，方差为0.15，温度的九分位数为26.1，故设置环境阈值为27，是稳定值25.63向上取整+1,,,,,,
宁波,甬_C_象山石浦局,3F综合机房,C,,,2023/6/1,24-29,30.2,29.6,39,40,34,30,5,['3838067'],"['1199656','3838071']","['1199634','1199635','3838051','3838052']",,该机房为C类机房，环境温度的最大值29.6低于管控上限值30，环境温度存在稳定值28.72，方差为0.19，温度的九分位数为29.2，故设置环境阈值为30，是稳定值28.72向上取整+1,,,,,,
宁波,甬_C_余姚城南母局,2F综合机房,C,,,2023/6/1,23-29,27.6,25.2,39,40,34,28,3,['3836579'],['1333233'],"['1333211','1333212']",,该机房为C类机房，环境温度的最大值25.2低于管控值28，环境温度存在稳定值24.55，方差为0.15，温度的九分位数为25.0，故设置环境阈值为28，等于管控值28,,,,,,
宁波,甬_D_慈溪浒山局,3F传输机房,D,,,2023/6/1,23-30,29.7,27.8,39,40,34,30,3,"['3805445','3805446','3805447','3805448','3805449','3805450']",['208825'],"['3805440','3805441']",,该机房为D类机房，环境温度的最大值27.8低于管控值30，环境温度存在稳定值24.05，方差为0.52，温度的九分位数为25.0，故设置环境阈值为30，等于管控值30,,,,,,
宁波,甬_D_慈溪浒山局,4F数据机房,D,,,2023/6/1,23-30,29.5,26.5,39,40,34,30,3,"['3805451','3805452','3805453','3805453*3805455','3805454','3805455*3805462','3805456','3805457','3805457*3805458','3805458','3805459','3805460','3805461']",['208826'],"['3805442','3805444']",,该机房为D类机房，环境温度的最大值26.5低于管控值30，环境温度不存在稳定值，温度均值为23.72，方差为1.73，且温度的九分位数为26.0，故设置环境阈值为30，等于管控值30,,,,,,
宁波,甬_D_奉化开发区局,1F综合机房,D,,,2023/6/1,24-30,28.3,28.8,39,40,34,30,4,['3822995'],['2529905'],"['3788351','3788352','3789599']",,该机房为D类机房，环境温度的最大值28.8低于管控值30，环境温度存在稳定值26.64，方差为0.52，温度的九分位数为28.1，故设置环境阈值为30，等于管控值30,,,,,,
宁波,甬_D_高新甬江局,2F综合机房,C,已回退,1.0711局方说电力负荷现在比较高,2023/6/1,24-29,37.6,31,39,40,34,31,4,"['3819733','3819734','3819735','3819736','3819737','3819738','3819738*3819735','3819740','3879739*3819736']",['1157776'],"['1157752','1157753','1157754']",1,该机房为C类机房，环境温度的最大值31.0，超过管控上限30比例大于50%同时小于10%，环境温度存在稳定值29.56，方差为0.21，温度的九分位数为30.0，稳定值29.56/九分位数30.0逼近管控上限30，控制，但非强化,,,,,,
嘉兴,禾_C_海盐城北局,1F电池室（动力机房）,C,,,2023/6/2,25-29,,26.4,39,40,29,28,2,[],['3847041'],['10235'],,该机房为C类机房，环境温度的最大值26.4低于管控值28，环境温度存在稳定值25.95，方差为0.01，温度的九分位数为26.1，故设置环境阈值为28，等于管控值28,,,,,,
衢州,衢_A_衢州南街局,1F电力室,B,,,2023/6/2,24-28,,27,59,60,29,28,3,[],['21518'],"['3815074','3815075']",,该机房为B类机房，环境温度的最大值27.0低于管控上限值29，环境温度存在稳定值24.04，方差为0.98，温度的九分位数为24.9，故设置环境阈值为26，是稳定值24.04向上取整+1,,,,,,
宁波,甬_A_海曙解北枢纽局,6F综合机房,A,已回退,"1、多测点
2、6.6日因为9F综合机房发生回风告警，6F告警温度低，以防发生告警，先暂时回退。",2023/6/2,23-28,41.7,24.95,43,44,34,26,9,"['3797720-57004062*3832922*3832925*3832925*3832927','3832920','3832921','3832922','3832923','3832924','3832926','3832926*3832928','3832927','3832929']","['1357867','3797720']","['1357779','1357780','1357785','3832899','3836684','3836685','3836686','3836687']",,该机房为A类机房，环境温度的最大值24.95低于管控值26，环境温度存在稳定值23.42，方差为0.05，温度的九分位数为23.7，故设置环境阈值为26，等于管控值26,,,,,,
宁波,甬_C_宁海中街母局,1F电力电池室,C,,,2023/6/2,25-29,,28.9,39,40,34,30,2,[],['1203113'],['3838168'],,该机房为C类机房，环境温度的最大值28.9低于管控上限值30，环境温度存在稳定值28.47，方差为0.16，温度的九分位数为28.8，故设置环境阈值为30，是稳定值28.47向上取整+1,,,,,,
宁波,甬_C_宁海中街母局,1F电力室,C,,,2023/6/2,26-29,,27.8,39,40,34,28,3,[],['1203106'],"['3838166','3838167']",,该机房为C类机房，环境温度的最大值27.8低于管控值28，环境温度存在稳定值25.42，方差为0.65，温度的九分位数为27.2，故设置环境阈值为28，等于管控值28,,,,,,
宁波,甬_C_宁海中街母局,3F传输机房,C,,,2023/6/2,25-29,29.8,26.9,39,40,34,28,5,"['1203108-26643950*3838258-58095078','1203108-26643951*3838258-58095078','3838255','3838255-58095072','3838256-58095074','3838257-58095076','3838257-58095076*3838260-58095084','3838258','3838259-58095081']",['1203108'],"['3838236','3838237','3838238','3838239']",,该机房为C类机房，环境温度的最大值26.9低于管控值28，环境温度存在稳定值26.12，方差为0.23，温度的九分位数为26.6，故设置环境阈值为28，等于管控值28,,,,,,
湖州,湖_B_吴兴红旗母局,1FT01机房,B,已回退,"空调3818986、3818994、3818995设定回风相差3+
局方认为空调温度设置过高，该机房应该控制在24度以下。目前暂时回退，待确定管控方案后再进行部署。",2023/6/7,23-28,32.8,24.3,39,40,29,27,13,"['3819020','3819021','3819022','3819022*3819021','3819023','3819024','3819025','3819026','3819026*3819027','3819027']","['3819028','3842114']","['3818984','3818985','3818986','3818987','3818988','3818989','3818990','3818991','3818992','3818993','3818994','3818995']",,该机房为B类机房，环境温度的最大值24.3低于管控值27，环境温度存在稳定值23.52，方差为0.08，温度的九分位数为23.85，故设置环境阈值为27，等于管控值27,,,,,,
湖州,湖_C_德清武康母局,3FZ01机房,C,,,2023/6/7,23-29,38,28.3,39,40,29,29,4,"['3830028-57930878','3830029-57930884','3830031-57930896','3830032-57930902','3830033-57930908','3830034-57930914']",['3830030'],"['3830004','3841004','3841005']",,该机房为C类机房，环境温度的最大值28.3低于管控上限值30，环境温度存在稳定值27.92，方差为0.06，温度的九分位数为28.2，故设置环境阈值为29，是稳定值27.92向上取整+1,,,,,,
丽水,丽_C_龙泉水南局,4F综合机房,D,,,2023/6/7,25-30,33.1,31.5,39,40,29,32,3,"['3805608-57275868','3805609-57275872','3805610-57275876']",['3805607'],"['3805604','3805605']",,该机房为D类机房，环境温度的最大值31.5低于管控上限值35，环境温度存在稳定值30.38，方差为0.38，温度的九分位数为31.3，故设置环境阈值为32，是稳定值30.38向上取整+1,,,,,,
绍兴,绍_B_绍兴城中AI局,20F接口局机房,B,,,2023/6/7,24-28,34,24.1,39,40,29,27,3,"['3812325','3812326','3812327','3812328']",['70590'],"['3812281','3812282']",,该机房为B类机房，环境温度的最大值24.1低于管控值27，环境温度存在稳定值22.71，方差为0.13，温度的九分位数为23.3，故设置环境阈值为27，等于管控值27,,,,,,
舟山,舟_D_普陀虾峙局,2F综合机房,D,,,2023/6/7,24-30,30.8,27.7,39,40,29,30,2,"['3813762','3813763','3813764']",['1947303'],['3839073'],,该机房为D类机房，环境温度的最大值27.7低于管控值30，环境温度存在稳定值26.82，方差为0.2，温度的九分位数为27.4，故设置环境阈值为30，等于管控值30,,,,,,
温州,温_C_瑞安莘塍局,2F程控机房,C,,,2023/6/9,24-29,31.5,28.9,39,40,31,33,3,"['3824835-57837211','3824835-57837211*3824835-57837212','3824835-57837212','3824835-57837213','3824835-57837214','3824835-57837215','3824835-57837217','3824835-57837218','3824835-57837220','3824835-57837221','3824835-57837222*3824835-57837216']",['3824835'],"['3824833','3824834']",,该机房为C类机房，环境温度的最大值28.9低于管控上限值30，环境温度存在稳定值28.8，方差为0.0，温度的九分位数为28.83，故设置环境阈值为30，是稳定值28.8向上取整+1,,,,,,
温州,温_C_瑞安万松局,5F传输机房,C,已回退,失败率过高,2023/6/9,22-29,35.8,30.6,39,40,29,32,2,"['3827603-57897707','3827603-57897708','3827603-57897709','3827603-57897710','3827603-57897711','3827603-57897712','3827603-57897713','3827603-57897714','3827603-57897714*3827603-57897712','3827603-57897715','3827603-57897716','3827603-57897718','3827603-57897719']",['3827603'],['3827602'],1,该机房为C类机房，环境温度的最大值30.6，超过管控上限30的比例大于50%，环境温度存在稳定值30.42，方差为nan，温度的九分位数为nan，请将问题上报给浙邮。,,,,,,
金华,婺_DJ_武义柳城局,2F综合机房,D,,,2023/6/9,26-30,28.6,27.2,39,40,29,30,2,"['3805371-57271431','3805372-57271437','3805373-57271443']",['43316'],['3805370'],,该机房为D类机房，环境温度的最大值27.2低于管控值30，环境温度存在稳定值27.1，方差为0.0，温度的九分位数为27.17，故设置环境阈值为30，等于管控值30,,,,,,
衢州,衢_A_衢州南街局,6F3#数据机房,B,,2023/2/17开启后因环境温度高回退,2023/6/13,25-28,30.1,25.82,39,40,29,27,4,"['3803340','3803341','3803342','3803345','3803346','3803346*3803345','3803347','3803348']","['3803339','3803343','3803344','3803349']","['21503','545673','545674']",,该机房为B类机房，环境温度的最大值25.82低于管控值27，环境温度存在稳定值24.92，方差为0.24，温度的九分位数为25.57，故设置环境阈值为27，等于管控值27,,,,,,
衢州,衢_D_江山贺村局,3F综合机房,D,,2023/2/17开启后因空调设置28度不制冷，且发生不生成策略故障回退,2023/6/13,24-30,31.6,26.75,39,40,29,30,3,"['3805326','3805327','3805328']","['3805324','3805325']","['3805321','3805322']",,该机房为D类机房，环境温度的最大值26.75低于管控值30，环境温度存在稳定值25.96，方差为0.11，温度的九分位数为26.5，故设置环境阈值为30，等于管控值30,,,,,,
台州,台_B_椒江枢纽大楼局,6F数据机房,B,,2023/4/21开启后因为环境高温回退,2023/6/13,24-28,31.3,28.6,39,40,29,29,4,"['3811240','3811241','3811242','3811242*3811244','3811243','3811243*3811245','3811244','3811245','3811246','3811247','3811248','3811249','3811250','3811251']",['791668'],"['979075','979076','979077']",,该机房为B类机房，环境温度的最大值28.6低于管控上限值29，环境温度存在稳定值27.61，方差为0.09，温度的九分位数为27.9，故设置环境阈值为29，是稳定值27.61向上取整+1,,,,,,
温州,温_C_乐清虹桥局,2F_传输数据室Z01,C,已回退,功率为负，观察一下,2023/6/13,22-29,39.4,30.9,39,40,29,32,2,"['3828264-57908672','3828264-57908674','3828264-57908674*3828264-57908673','3828264-57908675','3828264-57908675*1264465-27758252','3828264-57908676']",['1264465'],['3828265'],1,该机房为C类机房，环境温度的最大值30.9，超过管控上限30的比例大于50%，环境温度存在稳定值30.4，方差为nan，温度的九分位数为nan，请将问题上报给浙邮。,,,,,,
温州,温_C_永嘉中心局,3F综合机房T01,C,,空调3807611报“未找到监控点”,2023/6/13,22-29,33.1,25.2,39,40,29,28,2,"['3828048-57905804','3828048-57905805']",['1319549'],['3828049'],,该机房为C类机房，环境温度的最大值25.2低于管控值28，环境温度存在稳定值24.82，方差为0.02，温度的九分位数为25.0，故设置环境阈值为28，等于管控值28,,,,,,
宁波,甬_C_镇海西门新大楼局,6F综合机房,D,,,2023/6/13,23-30,31.2,26.07,39,40,29,30,3,"['3833844-57987949','3833845-57987952','3833845-57987952*3833847-57987958','3833846-57987955','3833848-57987961','3833848-57987961*3833850-57987967','3833849-57987964','3833849-57987964*3833851-57987970','3833850-57987967','3833852-57987973']",['1182697'],"['1182647','3833813']",,该机房为D类机房，环境温度的最大值26.07低于管控值30，环境温度存在稳定值25.16，方差为0.09，温度的九分位数为25.68，故设置环境阈值为30，等于管控值30,,,,,,
湖州,湖_C_德清英溪局,2FID02机房,C,,,2023/6/14,23-29,32.3,25.3,59,60,29,28,2,"['3833416-57982921','3833416-57982921*3833419-57982939','3833417-57982927','3833418-57982933','3833418-57982933*3833421-57982951','3833420-57982945','3833420-57982945*3833423-57982963','3833421-57982951*3833424-57982969','3833422-57982957','3833422-57982957*3833425-57982975','3833423-57982963*3833426-57982981','3833424-57982969','3833425-57982975','3833426-57982981*3833429-57982999','3833427-57982987','3833427-57982987*3833430-57983005','3833428-57982993','3833428-57982993*3833431-57983011','3833429-57982999*3833432-57983017','3833430-57983005*3833433-57983023']",['3833434'],['3843410'],,该机房为C类机房，环境温度的最大值25.3低于管控值28，环境温度存在稳定值23.16，方差为0.55，温度的九分位数为24.1，故设置环境阈值为28，等于管控值28,,,,,,
温州,温_C_乐清柳市开发区局,2F综合机房Z01,C,已回退,布局图有1台空调，实时数据有4台,2023/6/14,22-29,42.9,30.6,59,60,29,30,2,"['3828235-57908255','3828235-57908256','3828235-57908257','3828235-57908258','3828235-57908259']",['1263638'],['3828236'],,该机房为C类机房，环境温度的最大值30.6，超过管控上限30的比例小于50%同时大于10%，环境温度存在稳定值28.94，方差为0.42，温度的九分位数为29.8，故设置环境阈值为30，是稳定值28.94向上取整+1,,,,,,
湖州,湖_B_吴兴红旗母局,1FPP01机房,B,,,2023/6/16,23-28,,27.85,,,29,28,3,[],"['3842092','3847906']","['3824668','3824669']",1,该机房为B类机房，环境温度的最大值27.85低于管控上限值29，环境温度存在稳定值26.47，方差为0.24，温度的九分位数为27.25，故设置环境阈值为28，是稳定值26.47向上取整+1,,,,,,
湖州,湖_D_德清新市母局,Z01机房,D,,,2023/6/16,24-30,31,25.3,59,60,29,30,3,"['3841106-58173080','3841107-58161114*3841105-58173074']",['3841107'],"['3841103','3841104']",,该机房为D类机房，环境温度的最大值25.3低于管控值30，环境温度存在稳定值23.75，方差为0.19，温度的九分位数为24.5，故设置环境阈值为30，等于管控值30,,,,,,
丽水,丽_C_青田水南大楼局,2F综合机房,C,,,2023/6/16,24-29,30.5,27.5,59,60,29,28,2,"['3811415-57483755','3811415-57483755*3811414-57483751','3811416-57483759']",['3843603'],['3811412'],,该机房为C类机房，环境温度的最大值27.5低于管控值28，环境温度存在稳定值26.87，方差为0.13，温度的九分位数为27.3，故设置环境阈值为28，等于管控值28,,,,,,
温州,温_C_瑞安飞云局,2F综合机房,C,已回退,预警调优过多,2023/6/16,22-29,38.7,28.4,59,60,29,29,3,"['3827051-57891752','3827051-57891752*3827051-57891751','3827051-57891753','3827051-57891754','3827051-57891755','3827051-57891756','3827051-57891757']",['3827051'],"['3827049','3827050']",,该机房为C类机房，环境温度的最大值28.4低于管控上限值30，环境温度存在稳定值27.49，方差为0.11，温度的九分位数为28.0，故设置环境阈值为29，是稳定值27.49向上取整+1,,,,,,
金华,婺_A_金华城南局,枢纽楼10FC网电力室,B,,,2023/6/16,22-28,,30.2,59,60,29,31,2,[],['3835990'],['3815707'],1,机房婺_A_金华城南局_枢纽楼10FC网电力室是B类机房环境测点3835990的7天最高温30.2超过该环境测点的一级告警值29.0其具体时间为['2023-06-1311:58:00']，且发现环境温度在本次检测时间范围内超过管控上限29的比例大于50%，机房婺_A_金华城南局_枢纽楼10FC网电力室的全部机柜数据缺失,,,,,,
宁波,甬_C_海曙黄家湾局,2F综合机房,C,,,2023/6/16,22-29,37.7,28.4,59,60,29,30,7,"['3819335','3819336','3819337','3819338','3819339','3819340','3819341','3819342']","['1424949','1424950']","['1158992','1424945','1424946','1424947','1424948','3789826']",1,"机房甬_C_海曙黄家湾局_2F综合机房 空调回风1424945的7天最高温为30.5超过管控阈值30.0时间为['2023-06-1417:13:00','2023-06-1418:33:00','2023-06-1518:08:00']",,,,,,
宁波,甬_C_镇海骆驼局,2F综合机房,C,,,2023/6/16,23-29,35.1,29.2,59,60,29,30,3,"['3822917-57789298','3822917-57789298*3822918-57789301','3822918-57789301','3822919-57789304','3822920-57789307','3822921-57789310','3822922-57789313','3822922-57789313*3822924-57789319','3822923-57789316','3822924-57789319*1182463-26181960','3822925-57789322']",['1182463'],"['1182416','1182417']",1,该机房为C类机房，环境温度的最大值29.2低于管控上限值30，环境温度存在稳定值28.77，方差为0.04，温度的九分位数为29.0，故设置环境阈值为30，是稳定值28.77向上取整+1,,,,,,
宁波,甬_C_镇海西门新大楼局,5F综合机房,C,已回退,环境温度持续告警，失败率过高,2023/6/16,26-29,38.1,30.78,59,60,29,30,2,"['3833831','3833831-57987912','3833832-57987915','3833833-57987918','3833834-57987921','3833835','3833835-57987924','3833836','3833836-57987927','3833836-57987927*3833839-57987936','3833837-57987930','3833838','3833838-57987933','3833839-57987936*3833840-57987938','3833840-57987938','3833841','3833841-57987940','3833842-57987943']",['1182694'],['1555009'],1,该机房为C类机房，环境温度的最大值30.78，超过管控上限30的比例小于10%，环境温度存在稳定值29.5，方差为0.1，温度的九分位数为29.82，稳定值29.5/九分位数29.82逼近管控上限30，控制，但非强化,,,,,,
宁波,甬_D_鄞州姜山局,2F综合机房,C,,,2023/6/16,23-29,37.5,27.9,59,60,29,29,5,"['3819608','3819608-57704854','3819609','3819609-57704857','3819610','3819610*3819611','3819610-57704860','3819610-57704860*3819611-57704863']","['1176782','1176783','1176784']","['1176760','3819596','3819597','3819598']",,该机房为C类机房，环境温度的最大值27.9低于管控值28，环境温度存在稳定值27.18，方差为0.03，温度的九分位数为27.43，故设置环境阈值为29，等于管控值28+1,,,,,,
嘉兴,禾_C_嘉兴真如局,2F综合机房,C,,2023/3/22开启后因空调控制到21，但回风不变回退,2023/6/25,24-29,40.3,29.9,59,60,29,30,4,"['3789247*3789246','3789248','3789248*3789247','3789249','3789250','3789251','3789617','3789618','3789618*3789617','3789619','3789621']","['3789252','3789252-56673762','3789253','3789253-56673768','3789254','3789254-56673774','3789255','3789255-56673780','3789256','3789256-56673786','3789257','3789257-56673792','3789258','3789258-56673798','3789259','3789259-56673804']","['6476','779541','779542']",,该机房为C类机房，环境温度的最大值29.9低于管控上限值30，环境温度存在稳定值28.91，方差为0.06，温度的九分位数为29.24，故设置环境阈值为30，是稳定值28.91向上取整+1,,,,,,
嘉兴,禾_D_海盐北荡长丰苑机房,2F综合机房,D,,,2023/6/25,23-30,30.3,26.7,59,60,29,30,2,['3841478-58214596'],"['1713594','1713594-32925433','1713595','1713595-32925439']",['1713592'],,该机房为D类机房，环境温度的最大值26.7低于管控值30，环境温度存在稳定值25.94，方差为0.1，温度的九分位数为26.35，故设置环境阈值为30，等于管控值30,,,,,,
台州,台_B_椒江城南局,3F传输机房,B,,,2023/6/25,23-28,33.6,28.9,59,60,29,28,8,"['3801729','3801729*3801731','3801730','3801731','3801732','3801733','3801734','3801734*3801736','3801735','3801735*3801737','3801736','3801737','3801738']","['157966','157966-2819751','3801740','3801740-57157222']","['1209188','3801696','3801697','3801698','3801699','3801700','3801701']",,该机房为B类机房，环境温度的最大值28.9低于管控上限值29，环境温度存在稳定值26.64，方差为0.1，温度的九分位数为26.9，故设置环境阈值为28，是稳定值26.64向上取整+1,,,,,,
台州,台_B_椒江城南局,3FDC机房,B,,,2023/6/25,26-28,27,24.9,59,60,29,27,3,"['3801723','3801724','3801724*3801722','3801725','3801726','3801727*3801725','3801751','3801752','3801752*3801727']","['1630595','1630595-32180550','3801728','3801728-57157174']","['1630591','1630592']",,该机房为B类机房，环境温度的最大值24.9低于管控值27，环境温度存在稳定值24.42，方差为0.01，温度的九分位数为24.55，故设置环境阈值为27，等于管控值27,,,,,,
台州,台_B_椒江枢纽大楼局,4F传输机房,B,,,2023/6/25,24-28,32.6,26.35,59,60,29,27,4,"['3813047','3813048','3813049','3813049*3813051','3813050','3813051','3813053','3813054','3813055','3813056','3813057','3813058','3813058*3813060','3813059','3813059*3813061','3813060','3813061*3813063','3813062*3813052','3813062*3813064']","['3813052-57520831','791662','791662-19491857']","['3637023','979071','979072']",,该机房为B类机房，环境温度的最大值26.35低于管控值27，环境温度存在稳定值24.4，方差为0.8，温度的九分位数为26.0，故设置环境阈值为27，等于管控值27,,,,,,
台州,台_C_路桥松塘局,2F综合机房,C,,,2023/6/25,25-29,35.6,26.3,59,60,29,28,4,"['3796163','3796164','3796165','3796166','3796167','3796168','3796169','3796170','3796171','3796172']","['158851','158851-2833778']","['1106537','158843','158844']",,该机房为C类机房，环境温度的最大值26.3低于管控值28，环境温度存在稳定值25.14，方差为0.25，温度的九分位数为26.06，故设置环境阈值为28，等于管控值28,,,,,,
温州,温_C_苍南城东局,4F_Z01机房,C,,,2023/6/25,24-29,33.9,30.5,59,60,30,32,3,"['3840268-58160038','3840268-58160039','3840268-58160040','3840268-58160041','3840268-58160042','3840268-58160043','3840268-58160043*1360474-29307852','3840268-58160044','3840268-58160045','3840268-58160046','3840268-58160047']","['1360474','1360474-29307852']","['1360423','1360424']",,该机房为C类机房，环境温度的最大值30.5，超过管控上限30的比例小于50%同时大于10%，环境温度不存在稳定值，温度均值为27.27，方差为0.73，且温度的九分位数为28.46，故设置环境阈值为29，是稳定值27.27向上取整+1,,,,,,
温州,温_C_苍南县局,3F传输机房T01,C,,,2023/6/25,22-29,35.1,29.6,59,60,29,30,3,"['3840778-58164473','3840778-58164474','3840778-58164475','3840778-58164476','3840778-58164477','3840778-58164478','3840778-58164478*3840778-58164479','3840778-58164479','3840778-58164480','3840778-58164481']","['3840778','3840778-58164472']","['3840781','3840782']",,该机房为C类机房，环境温度的最大值29.6低于管控上限值30，环境温度存在稳定值28.82，方差为0.19，温度的九分位数为29.3，故设置环境阈值为30，是稳定值28.82向上取整+1,,,,,,
温州,温_C_平阳昆阳局,2F_D01机房,C,,,2023/6/25,25-29,29.3,25.6,59,60,29,28,3,"['3840592-58163028','3840592-58163029','3840592-58163030','3840592-58163031','3840592-58163032*3840592-58163029','3840592-58163033','3840592-58163033*3840592-58163032','3840592-58163034','3840592-58163035']","['1344388','1344388-29053198']","['1344363','1344364']",,该机房为C类机房，环境温度的最大值25.6低于管控值28，环境温度存在稳定值25.3，方差为0.01，温度的九分位数为25.4，故设置环境阈值为28，等于管控值28,,,,,,
金华,婺_C_兰溪城西局,3F传输机房,C,,有周期性,2023/6/25,22-29,30.3,28.1,59,60,29,28,2,"['3794169','3794170','3794170*3794176','3794171','3794172','3794173','3794174']","['39292','39292-58805775']",['3805590'],,该机房为C类机房，环境温度的最大值28.1低于管控上限值30，环境温度不存在稳定值，温度均值为26.84，方差为1.03，且温度的九分位数为27.8，故设置环境阈值为28，是9分位数27.8向上取整+1,,,,,,
嘉兴,禾_C_嘉兴城西局,1F数据机房,C,,,2023/6/29,25-29,28,28,59,60,29,29,3,"['3799706-57065645','3799707-57065651','3799708-57065657','3799709-57065663','541413-11994076*3799708-57065657']",['541413-11994076'],"['27774','27790']",,该机房为C类机房，环境温度的最大值28.0低于管控上限值30，环境温度存在稳定值27.52，方差为0.02，温度的九分位数为27.7，故设置环境阈值为29，是稳定值27.52向上取整+1,,,,,,
嘉兴,禾_C_嘉兴清河政务云机房局,1F东UPS室,C,,,2023/6/29,25-29,,29,59,60,29,29,5,[],['3839914-58156574'],"['3839899','524573','93941','93942']",,该机房为C类机房，环境温度的最大值29.0低于管控上限值30，环境温度存在稳定值27.87，方差为0.34，温度的九分位数为28.7，故设置环境阈值为29，是稳定值27.87向上取整+1,,,,,,
嘉兴,禾_C_嘉兴清河政务云机房局,1F高压室,C,,,2023/6/29,25-29,,27.3,59,60,29,28,4,[],['3839905-58156532'],"['543149','543150','543151']",,该机房为C类机房，环境温度的最大值27.3低于管控值28，环境温度存在稳定值25.69，方差为0.22，温度的九分位数为26.4，故设置环境阈值为28，等于管控值28,,,,,,
嘉兴,禾_D_平湖乍浦开发区局,2FZ01,D,,2023/6/1开启后因环境温度告警，失败率过高回退,2023/6/29,22-30,37,30.6,59,60,29,30,2,"['3804998-57261597','3804999-57261603','3805000-57261609']",['681378-15826300'],['681372'],,该机房为D类机房，环境温度的最大值30.6低于管控上限值35，环境温度存在稳定值28.68，方差为0.48，温度的九分位数为30.0，故设置环境阈值为30，是稳定值28.68向上取整+1,,,,,,
嘉兴,禾_D_桐乡濮院红晓局,2F综合机房,D,,"2023/2/15开启后因失败率过高回退
2023/6/7开启后又因某些原因回退",2023/6/29,26-30,33,27.6,59,60,29,30,2,"['3801985-57162855','3801986-57162861','3801987-57162867']",['3801988-57162873'],['635591'],,该机房为D类机房，环境温度的最大值27.6低于管控值30，环境温度存在稳定值27.11，方差为0.08，温度的九分位数为27.4，故设置环境阈值为30，等于管控值30,,,,,,
湖州,湖_B_吴兴红旗母局,3FZ09机房,B,,,2023/6/29,24-28,39.8,27.3,59,60,29,28,17,"['3819009-57692369','3819010-57692375','3819010-57692375*3819009-57692369','3819011-57692381','3819012-57692387','3819012-57692387*3819011-57692381','3819014-57692399','3819015-57692405','3819016-57692411','3819016-57692411*3819017-57692417','3819016-57692411*3819017-57692417*3819013-57692393','3819017-57692417*3819012-57692387','3819018-57692423','3842187-58271715','3842187-58271715*3842186-58271709','3842188-58271721','3842189-58271727','3842190-58271733','3842190-58271733*3842189-58271727']",['3819019-57692429'],"['3818968','3818969','3818970','3818971','3818972','3818973','3818974','3818975','3818976','3818977','3818978','3818979','3818980','3818982','3846762','3846763']",,该机房为B类机房，环境温度的最大值27.3低于管控上限值29，环境温度存在稳定值26.72，方差为0.02，温度的九分位数为26.9，故设置环境阈值为28，是稳定值26.72向上取整+1,,,,,,
丽水,丽_A_莲都城东AI局,2FIDC机房,B,,,2023/6/29,22-28,29.1,23.5,59,60,29,27,3,"['3813508-57533875','3813508-57533875*3813510-57533883','3813510-57533883','3813511-57533887','3813512-57533891','3813513-57533895','3813514-57533899','3813514-57533899*3813515-57533903','3813516-57533907']",['3813517-57533912'],"['3813447','3813448']",,该机房为B类机房，环境温度的最大值23.5低于管控值27，环境温度存在稳定值21.89，方差为0.15，温度的九分位数为22.4，故设置环境阈值为27，等于管控值27,,,,,,
绍兴,绍_B_绍兴城东AI局,3FIDC机房,B,,2023/6/1开启过后因7天重新采集回退,2023/6/29,24-28,32.9,29.1,59,60,29,28,2,"['3795251-56942073','3795251-56942073*3795252-56942079','3795252-56942079*3795253-56942085','3795253-56942085*3795254-56942091','3795254-56942091','3795255-56942097','3795256-56942103']",['3836697-58052801'],['3795232'],,该机房为B类机房，环境温度的最大值29.1低于管控上限值29，环境温度不存在稳定值，温度均值为22.84，方差为4.37，且温度的九分位数为26.9，故设置环境阈值为28，是9分位数26.9向上取整+1,,,,,,
绍兴,绍_B_绍兴城东AI局,4FIDC4机房,B,,2023/6/1开启过后因7天重新采集回退,2023/6/29,22-28,29.5,26.6,59,60,29,27,5,"['3795270-56942187','3795272-56942199','3795272-56942199*3795273-56942205','3795273-56942205*3795274-56942211','3795274-56942211*3795275-56942217','3795275-56942217*3795276-56942223','3795276-56942223*3795277-56942229','3795278-56942235','3795278-56942235*3795279-56942241','3795279-56942241*3795280-56942247','3795280-56942247*3795281-56942253','3795281-56942253*3795282-56942259','3795282-56942259*3795283-56942265','3795283-56942265*3795284-56942271','3795284-56942271*3795285-56942277']","['3795273-56942205','647655-14760958']","['3795240','3795241','3795242','3795243']",,该机房为B类机房，环境温度的最大值26.6低于管控值27，环境温度存在稳定值24.51，方差为0.92，温度的九分位数为25.55，故设置环境阈值为27，等于管控值27,,,,,,
绍兴,绍_B_绍兴城东AI局,4FIDC5机房,B,,2023/6/1开启过后因7天重新采集回退,2023/6/29,24-28,32.1,24.6,59,60,29,27,4,"['3795259-56942121*3795258-56942115','3795260-56942127*3795259-56942121','3795261-56942133','3795261-56942133*3795260-56942127','3795263-56942145','3795264-56942151*3795263-56942145','3795265-56942157*3795264-56942151','3795266-56942163*3795265-56942157','3795267-56942169','3795267-56942169*3795266-56942163']","['3795258-56942115','647657-14760979']","['3795235','3795236','3795237']",,该机房为B类机房，环境温度的最大值24.6低于管控值27，环境温度存在稳定值23.51，方差为0.31，温度的九分位数为24.25，故设置环境阈值为27，等于管控值27,,,,,,
绍兴,绍_B_绍兴城中AI局,二楼综合机房,B,,2023/6/1开启过后因7天重新采集回退,2023/6/29,24-28,28.8,27,59,60,29,27,3,"['3812285-57504671*3812283-57504659','3812286-57504677*3812284-57504665','3812287-57504683','3812287-57504683*3812285-57504671','3812288-57504689*3812286-57504677','3812289-57504695','3812289-57504695*3812288-57504689']",['1034529-23553811'],"['3812263','3812264']",,该机房为B类机房，环境温度的最大值27.0低于管控上限值29，环境温度存在稳定值25.07，方差为0.42，温度的九分位数为26.0，故设置环境阈值为27，是稳定值25.07向上取整+1,,,,,,
绍兴,绍_B_绍兴城中AI局,四楼数据机房,B,,2023/6/1开启过后因7天重新采集回退,2023/6/29,24-28,31.4,27.3,59,60,29,28,2,"['3812297-57504743','3812299-57504755','3812299-57504755*3812298-57504749','3812300-57504761','3812301-57504767','3812302-57504773*3812301-57504767','3812303-57504779','3812303-57504779*3812302-57504773','3812304-57504785','3812305-57504791','3812306-57504797','3812307-57504803','3812308-57504809','3812309-57504815','3812310-57504821','3812310-57504821*3812309-57504815']","['3812330-57504941','3812331-57504947']",['3835913'],,该机房为B类机房，环境温度的最大值27.3低于管控上限值29，环境温度存在稳定值26.81，方差为0.03，温度的九分位数为27.05，故设置环境阈值为28，是稳定值26.81向上取整+1,,,,,,
绍兴,绍_B_绍兴城中AI局,20FIPAS机房,B,,2023/6/13开启过后因7天重新采集回退,2023/6/29,24-28,28.1,26.2,59,60,29,27,2,"['3812838-57517166','3812839-57517172','3812841-57517178','3812842-57517184']",['70591-2431884'],['3812836'],,该机房为B类机房，环境温度的最大值26.2低于管控值27，环境温度存在稳定值25.94，方差为0.01，温度的九分位数为26.0，故设置环境阈值为27，等于管控值27,,,,,,
绍兴,绍_C_上虞百官局,4F传输机房,C,,2023/6/13开启过后因7天重新采集回退,2023/6/29,24-29,39,30.5,59,60,29,30,3,"['3795920-56971315*3795919-56971309','3795921-56971321','3795921-56971321*3795920-56971315','3795922-56971327','3795923-56971333','3795924-56971339','3795925-56971345','3795926-56971351','3795927-56971357','3795928-56971363','3795929-56971369','3795930-56971375','3795931-56971381','3795932-56971387','3795933-56971393']",['71889-2448703'],"['988312','988313']",,该机房为C类机房，环境温度的最大值30.5，超过管控上限30的比例小于50%同时大于10%，环境温度存在稳定值28.92，方差为0.28，温度的九分位数为29.8，故设置环境阈值为30，是稳定值28.92向上取整+1,,,,,,
绍兴,绍_C_绍兴齐贤局,2F综合机房,C,,2023/5/8开启过后因7天重新采集回退,2023/6/29,24-29,35.5,28,59,60,29,29,2,"['3791522-56832017','3791523-56832023','3791524-56832029']",['3791525-56832035'],['69419'],,该机房为C类机房，环境温度的最大值28.0低于管控上限值30，环境温度存在稳定值27.18，方差为0.07，温度的九分位数为27.6，故设置环境阈值为29，是稳定值27.18向上取整+1,,,,,,
绍兴,绍_C_诸暨城西局,综合机房,C,,2023/6/7开启过后因7天重新采集回退,2023/6/29,24-29,41.2,28.5,59,60,29,28,3,"['3804965-57261358','3804965-57261358*3804964-57261352','3804966-57261364','3804967-57261370','3804968-57261376','3804969-57261382','3804970-57261388']",['3804971-57261394'],"['74930','74931']",,该机房为C类机房，环境温度的最大值28.5低于管控上限值30，环境温度存在稳定值26.85，方差为0.65，温度的九分位数为28.3，故设置环境阈值为28，是稳定值26.85向上取整+1,,,,,,
绍兴,绍_D_上虞城中局,Z01机房,D,,2023/6/1开启过后因7天重新采集回退,2023/6/29,25-30,38.8,29.2,59,60,29,30,2,"['3807552-57396477','3807554-57396489','3807555-57396495','3807557-57396507*3807556-57396501']",['3807557-57396507'],['1174020'],,该机房为D类机房，环境温度的最大值29.2低于管控值30，环境温度存在稳定值27.24，方差为0.5，温度的九分位数为28.3，故设置环境阈值为30，等于管控值30,,,,,,
绍兴,绍_D_上虞东关局,2F综合机房,D,,,2023/6/29,26-30,42.8,31.2,59,60,29,32,2,"['3813783-57559336','3813783-57559336*3813782-57559330','3813784-57559342','3813785-57559348']",['3813786-57559354'],['988317'],,该机房为D类机房，环境温度的最大值31.2低于管控上限值35，环境温度存在稳定值30.47，方差为0.11，温度的九分位数为30.9，故设置环境阈值为32，是稳定值30.47向上取整+1,,,,,,
绍兴,绍_D_嵊州长乐局,二楼综合机房,D,,2023/6/7开启过后因7天重新采集回退,2023/6/29,26-30,32.3,30,59,60,29,30,2,"['3794441-56917957','3794442-56917963','3794443-56917969','3794444-56917975']",['1089636-24577317'],['74044'],,该机房为D类机房，环境温度的最大值30.0低于管控上限值35，环境温度存在稳定值28.74，方差为0.07，温度的九分位数为29.2，故设置环境阈值为30，是稳定值28.74向上取整+1,,,,,,
台州,台_B_椒江城南局,3F汇接局机房,B,,,2023/6/29,25-28,34,28.3,59,60,29,29,3,"['3801741-57157226*3801743-57157234','3801742-57157230','3801743-57157234*3801745-57157242','3801744-57157238','3801744-57157238*3801746-57157246','3801745-57157242','3801746-57157246','3801747-57157250','3801748-57157254','3801748-57157254*3801749-57157258','3801750-57157262*3801741-57157226']","['157964-2819748','157964-2819749','3801750-57157262']","['157955','157956']",,该机房为B类机房，环境温度的最大值28.3低于管控上限值29，环境温度存在稳定值27.98，方差为0.01，温度的九分位数为28.13，故设置环境阈值为29，是稳定值27.98向上取整+1,,,,,,
台州,台_B_椒江枢纽大楼局,4F计算机机房,B,,2023/2/7因发生短时的回风告警回退,2023/6/29,25-28,29.8,26.75,59,60,29,28,7,"['3811279-57475539','3811280-57475543','3811281-57475547','3811282-57475551','3811284-57475559','3811285-57475563','3811285-57475563*3811282-57475551','3811286-57475567','3811287-57475571','3811288-57475575']","['3811283-57475555','791665-19491879']","['3811203','3811204','791628','791629','791637','791638']",,该机房为B类机房，环境温度的最大值26.75低于管控值27，环境温度存在稳定值26.15，方差为0.07，温度的九分位数为26.5，故设置环境阈值为28，等于管控值27+1,,,,,,
温州,温_C_瑞安安阳大楼局,5F传输机房,C,,,2023/6/29,25-29,35.4,29.1,59,60,29,30,3,"['3827655-57898098','3827655-57898099','3827655-57898100','3827655-57898101','3827655-57898102','3827655-57898103','3827655-57898104','3827655-57898105','3827655-57898105*3827655-57898106','3827655-57898107','3827655-57898109','3827655-57898109*3827655-57898110','3827655-57898110','3827655-57898111']",['3827655-57898112'],"['1367462','1367463']",,该机房为C类机房，环境温度的最大值29.1低于管控上限值30，环境温度存在稳定值28.73，方差为0.02，温度的九分位数为28.9，故设置环境阈值为30，是稳定值28.73向上取整+1,,,,,,
金华,婺_A_云计算中心三号楼局2-1机房,三号楼2-1机房,B,,,2023/6/29,23-28,,23.25,59,60,29,27,3,[],"['1185686-26306876','1185688-26306883']","['1185642','1185644']",,该机房为B类机房，环境温度的最大值23.25低于管控值27，环境温度存在稳定值22.45，方差为0.02，温度的九分位数为22.7，故设置环境阈值为27，等于管控值27,,,,,,
金华,婺_D_东阳南马新局,1F综合机房,D,,2023/5/8开启后因为6.9北研预警发生，预警调优无法消除环境热点回退,2023/6/29,23-30,32.1,28.75,59,60,29,30,2,"['3811832-57496119','3811832-57496119*3811833-57496125','3811834-57496131']","['3853715-58705227','42299-11597226']",['3811831'],,该机房为D类机房，环境温度的最大值28.75低于管控值30，环境温度存在稳定值27.48，方差为0.15，温度的九分位数为28.0，故设置环境阈值为30，等于管控值30,,,,,,
宁波,甬_A_海曙解北枢纽局,11F5G堆叠机房,D,已回退,杨-6.30：由浙邮确定环境温度阈值,2023/6/29,23-30,36.8,29.1,59,60,29,30,5,"['3822896-57789134','3822897-57789136','3822898-57789138','3822898-57789138*3822899-57789140']","['1357868-29270381','1357868-29270382']","['1713607','1713608','3811313','3811314']",,该机房为D类机房，环境温度的最大值29.1低于管控值30，环境温度存在稳定值28.22，方差为0.14，温度的九分位数为28.6，故设置环境阈值为30，等于管控值30,,,,,,
宁波,甬_A_海曙解北枢纽局,8F综合机房,C,,,2023/6/29,24-29,36.9,24.87,59,60,29,28,3,"['3832847-57965345','3832848-57965348','3832848-57965348*3832846-57965342','3832849-57965351','3832850-57965354','3832851-57965357','3832852-57965360','3832853-57965363']","['1357864-29270309','1357864-29270310','1357864-29270311']","['1357739','1357740']",,该机房为C类机房，环境温度的最大值24.87低于管控值28，环境温度存在稳定值24.42，方差为0.03，温度的九分位数为24.63，故设置环境阈值为28，等于管控值28,,,,,,
宁波,甬_A_江东鄞中枢纽局,11FIDC机房,A,,2023/6/2开启后因为机房在周末设定温度达到29度，高温报警，北研已经在6.3日修改了上线回退,2023/6/29,24-28,29.5,26.52,59,60,29,28,6,"['3825361-57845682','3825362-57845685','3825363-57845688','3825363-57845688*3825365-57845694','3825364-57845691','3825366-57845697','3825367-57845700','3825368-57845703','3825370-57845709','3825371-57845712','3825371-57845712*3825373-57845718','3825372-57845715','3825373-57845718','3825374-57845721','3825375-57845724','3825376-57845727','3825377-57845730','3825378-57845733','3825379-57845736','3825379-57845736*3825380-57845739','3825380-57845739*3825381-57845742','3825381-57845742','3825382-57845745','3825383-57845748']","['1358307-29283646','1358307-29283647','1358307-29283648','1358307-29283649','1358307-29283650']","['1358269','1358270','3825303','3825304','3825305']",,该机房为A类机房，环境温度的最大值26.52低于管控上限值28，环境温度存在稳定值25.12，方差为0.2，温度的九分位数为25.84，故设置环境阈值为27，是稳定值25.12向上取整+1,,,,,,
宁波,甬_A_江东鄞中枢纽局,3F综合机房,C,,,2023/6/29,24-29,37.1,26.6,59,60,29,28,6,"['1358301-29283528*1358301-29283529*3825341-57845622*3825342-57845625','3825336-57845607','3825337-57845610','3825338-57845613','3825338-57845613*3825340-57845619','3825339-57845616','3825340-57845619','3825341-57845622','3825342-57845625','3825343-57845628','3825344-57845631','3825344-57845631*3825345-57845634','3825346-57845637','3825347-57845640','3825348-57845643']","['1358301-29283528','1358301-29283529']","['1358335','1358336','1358337','3825301','3825302']",,该机房为C类机房，环境温度的最大值26.6低于管控值28，环境温度存在稳定值25.91，方差为0.07，温度的九分位数为26.35，故设置环境阈值为28，等于管控值28,,,,,,
宁波,甬_A_江东鄞中枢纽局,4F传输机房,A,,2023/6/1开启后因为设定温度28度，依然因为多点位监控不周告警回退,2023/6/29,23-28,34.2,25.87,59,60,29,27,5,"['3825384-57845751','3825385-57845754*3825384-57845751','3825386-57845757','3825387-57845760','3825388-57845763*3825387-57845760','3825389-57845766','3825389-57845766*3825388-57845763','3825390-57845769','3825392-57845773','3825393-57845776','3826067-57880047','3826068-57880049','3826068-57880049*3825385-57845754','3826069-57880051','3826070-57880053']","['1358302-29283549','1358302-29283550','1358302-29283551']","['1358339','1358340','1358343','1358344']",,该机房为A类机房，环境温度的最大值25.87低于管控值26，环境温度存在稳定值25.03，方差为0.09，温度的九分位数为25.43，故设置环境阈值为27，等于管控值26+1,,,,,,
宁波,甬_A_江东鄞中枢纽局,6F数据机房,A,,2023/6/1开启后因为设定27，没有告警，但是局方为了安全回退了,2023/6/29,24-28,32.9,25.93,59,60,29,27,9,"['3826071-57880056','3826072-57880059','3826072-57880059*3826074-57880065','3826073-57880062','3826073-57880062*3826075-57880068','3826075-57880068','3826075-57880068*3826076-57880071','3826076-57880071','3826077-57880074','3826078-57880077','3826079-57880080','3826080-57880083','3826081-57880086','3826082-57880089','3826083-57880092','3826083-57880092*3826084-57880095','3826084-57880095*3826085-57880098','3826085-57880098*3826086-57880101','3826086-57880101*3826087-57880104','3826088-57880107','3826089-57880110','3826090-57880113','3826090-57880113*3826091-57880116','3826091-57880116','3826092-57880119','3826093-57880122']","['1358304-29283597','1358304-29283598','1358304-29283599']","['1358333','1358334','1358338','1358341','1358342','3826022','3826023','3826024']",,该机房为A类机房，环境温度的最大值25.93低于管控值26，环境温度存在稳定值25.59，方差为0.02，温度的九分位数为25.77，故设置环境阈值为27，等于管控值26+1,,,,,,
宁波,甬_A_江东鄞中枢纽局,7F电力室,A,,2023/6/2开启后因为设定达到29度，北研已经在6.3日修改了上线回退,2023/6/29,23-28,,23,59,60,29,26,2,[],['1358370-29288939'],['3826025'],,该机房为A类机房，环境温度的最大值23.0低于管控值26，环境温度存在稳定值22.45，方差为0.04，温度的九分位数为22.7，故设置环境阈值为26，等于管控值26,,,,,,
宁波,甬_C_宁海中街母局,4FIDC机房,C,,,2023/6/29,22-29,28.5,23.79,59,60,29,28,2,"['3838265-58095099','3838265-58095099*3838266-58095102','3838267-58095105','3838268-58095108','3838269-58095111','3838269-58095111*3838270-58095114','3838271-58095117','3838272-58095120','3838273-58095123']","['1203125-26644063','1203125-26644064','1203125-26644065','3853569-58701126','3853570-58701128','3853571-58701130','3853572-58701132','3853573-58701134','3853574-58701136','3853575-58701138','3853576-58701140']",['1203059'],,该机房为C类机房，环境温度的最大值23.79低于管控值28，环境温度存在稳定值23.22，方差为0.06，温度的九分位数为23.54，故设置环境阈值为28，等于管控值28,,,,,,
宁波,甬_C_余姚舜北母局,3F传输机房,C,,,2023/6/29,22-29,34.1,27.5,59,60,29,28,5,"['3836643-58051292','3836643-58051292*3836642-58051289','3836644-58051295','3836645-58051298','3836646-58051301','3836647-58051304','3836648-58051307']","['1333546-28909779','1333546-28909780']","['3836664','3836665','3836666','3836667']",,该机房为C类机房，环境温度的最大值27.5低于管控值28，环境温度存在稳定值26.66，方差为0.08，温度的九分位数为27.0，故设置环境阈值为28，等于管控值28,,,,,,
宁波,甬_C_镇海西门新大楼局,5F电池室,C,,,2023/6/29,23-29,,28.89,59,60,29,30,2,[],['1182693-26192608'],['3833811'],,该机房为C类机房，环境温度的最大值28.89低于管控上限值30，环境温度存在稳定值28.21，方差为0.08，温度的九分位数为28.59，故设置环境阈值为30，是稳定值28.21向上取整+1,,,,,,
舟山,舟_D_岱山秀山局,3F综合机房,D,,2023/2/21开启后因为机房现场刚刚重新配置过了，设备ID发生变化，所以远程无法调控了回退,2023/6/29,22-30,37.7,33.3,59,60,29,33,2,"['3813673-57557125*3813677-57561867','3813674-57561861','3813675-57561863','3813676-57561865','3813677-57561867']",['3813673-57557125'],['3839089'],,该机房为D类机房，环境温度的最大值33.3低于管控上限值35，环境温度不存在稳定值，温度均值为29.31，方差为3.9，且温度的九分位数为32.4，故设置环境阈值为33，是9分位数32.4向上取整+1,,,,,,
舟山,舟_D_普陀朱家尖局,2F综合机房,D,已回退,机房内两台科龙空调发生异常关机情况，局方将监控线拔掉，丢失监控和远程调控,2023/6/29,24-30,32.5,30.1,59,60,29,29,2,"['3811502-57642098','3811503-57642100','3811504-57642102','3811504-57642102*3811503-57642100']",['2048083-35770497'],['3816387'],,该机房为D类机房，环境温度的最大值30.1低于管控上限值35，环境温度存在稳定值27.61，方差为0.97，温度的九分位数为28.7，故设置环境阈值为29，是稳定值27.61向上取整+1,,,,,,
台州,台_B_椒江城南局,2F程控机房,B,,,2023/7/6,24-28,34.1,27.15,59,60,29,27,4,"['3801702-57157070','3801703-57157074','3801704-57157078','3801705-57157082','3801706-57157086','3801707-57157090','3801708-57157094','3801708-57157094*3801706-57157086','3801709-57157098','3801709-57157098*3801707-57157090','3801710-57157102','3801711-57157106','3801712-57157110','3801713-57157114','3801714-57157118','3801715-57157122','3801716-57157126','3801717-57157130','3801717-57157130*3801715-57157122','3801718-57157134','3801718-57157134*3801716-57157126','3801720-57157142']","['157963-2819744','157963-2819746','3801719-57157138']","['3269759','3269760','3269761']",,该机房为B类机房，环境温度的最大值27.15低于管控上限值29，环境温度存在稳定值25.7，方差为0.17，温度的九分位数为26.26，故设置环境阈值为27，是稳定值25.7向上取整+1,,,,,,
台州,台_C_玉环县局,2F综合机房,C,,,2023/7/6,24-29,30.3,29.25,59,60,29,30,2,"['3796384-56977781','3796385-56977785','3796386-56977789','3796387-56977793','3796388-56977797','3796389-56977801','3796390-56977805*3796388-56977797','3796392-56977813']","['161068-2838341','161068-2838546','3796390-56977805','3796391-56977809']",['1089692'],,该机房为C类机房，环境温度的最大值29.25低于管控上限值30，环境温度存在稳定值28.33，方差为0.1，温度的九分位数为28.75，故设置环境阈值为30，是稳定值28.33向上取整+1,,,,,,
金华,婺_A_云计算中心一号楼局,4F4-2电力电池室,A,,,2023/7/6,23-28,,21.3,59,60,29,26,2,[],"['588941-12967229','588943-12967243','588944-12967250','588946-12967264','588948-12967278','588949-12967285']",['588791'],,该机房为A类机房，环境温度的最大值21.3低于管控值26，环境温度存在稳定值20.66，方差为0.0，温度的九分位数为20.7，故设置环境阈值为26，等于管控值26,,,,,,
温州,温_B_龙湾十分局双油机局,3F_ID05(3楼A区),B,,,2023/7/6,22-28,37.1,25.8,59,60,29,27,5,"['1652589-32334053*3832214-57959073','1652589-32334055*3832215-57959112','3832213-57959026','3832213-57959026*3832213-57959038','3832213-57959027','3832213-57959027*3832213-57959036','3832213-57959028','3832213-57959028*3832213-57959035','3832213-57959029','3832213-57959029*3832213-57959034','3832213-57959030','3832213-57959030*3832213-57959033','3832213-57959031','3832213-57959031*3832213-57959032','3832213-57959032','3832213-57959033','3832213-57959034','3832213-57959035','3832213-57959036*1652589-32334053','3832213-57959037','3832213-57959038','3832213-57959039','3832213-57959040','3832213-57959041','3832213-57959042','3832213-57959043','3832213-57959044','3832213-57959045','3832213-57959046','3832214-57959069','3832214-57959070','3832214-57959070*3832214-57959083','3832214-57959071','3832214-57959071*3832214-57959082','3832214-57959072','3832214-57959072*3832214-57959081','3832214-57959073*3832214-57959080','3832214-57959074','3832214-57959074*3832214-57959079','3832214-57959075','3832214-57959075*3832214-57959078','3832214-57959076','3832214-57959076*3832214-57959077','3832214-57959077','3832214-57959078','3832214-57959079','3832214-57959080','3832214-57959081','3832214-57959082','3832214-57959083','3832214-57959084','3832214-57959085','3832214-57959086','3832214-57959087','3832214-57959088','3832214-57959089','3832215-57959112*3832215-57959119','3832215-57959113','3832215-57959113*3832215-57959118','3832215-57959114','3832215-57959114*3832215-57959117','3832215-57959115','3832215-57959116']","['1652589-32334053','1652589-32334055']","['1652857','1652862','1652865','1652866']",,该机房为B类机房，环境温度的最大值25.8低于管控值27，环境温度存在稳定值25.2，方差为0.03，温度的九分位数为25.2，故设置环境阈值为27，等于管控值27,,,,,,
温州,温_B_龙湾十分局双油机局,3F_ID06(3楼B区),B,,,2023/7/6,24-28,40.2,25.2,59,60,29,27,4,"['3835592-58025346','3835592-58025347*3835592-58025345','3835592-58025348*3835592-58025344','3835592-58025349*3835592-58025343','3835592-58025350*3835592-58025349','3835592-58025351*3835592-58025348','3835592-58025352*3835592-58025347','3835592-58025353','3835592-58025354*3835592-58025352','3835592-58025355*3835592-58025351','3835592-58025356*3835592-58025350','3835592-58025357*3835592-58025356','3835592-58025358*3835592-58025355','3835592-58025359*3835592-58025354','3835592-58025360','3835592-58025361','3835592-58025361*3835592-58025359','3835592-58025362','3835592-58025362*3835592-58025358','3835592-58025363','3835592-58025363*3835592-58025357']","['1652584-32333920','1652584-32333921','1652584-32333922']","['1652838','1652839','1652840']",,该机房为B类机房，环境温度的最大值25.2低于管控值27，环境温度存在稳定值25.09，方差为0.0，温度的九分位数为25.13，故设置环境阈值为27，等于管控值27,,,,,,
温州,温_B_龙湾十分局双油机局,4F_ID04(4楼B区),B,,,2023/7/6,22-28,29.2,26.05,59,60,29,27,3,"['1652587-32333977*3832552-57961103','3832552-57961102','3832552-57961102*3832552-57961107','3832552-57961103*3832552-57961106','3832552-57961104','3832552-57961104*3832552-57961105','3832552-57961105*3832552-57961110','3832552-57961106*3832552-57961109','3832552-57961107*3832552-57961108','3832552-57961108*3832552-57961113','3832552-57961109*3832552-57961112','3832552-57961110*3832552-57961111','3832552-57961111*3832552-57961116','3832552-57961112*3832552-57961115','3832552-57961113*3832552-57961114']","['1652587-32333975','1652587-32333977']","['1652843','1652844']",,该机房为B类机房，环境温度的最大值26.05低于管控值27，环境温度存在稳定值25.78，方差为0.06，温度的九分位数为25.95，故设置环境阈值为27，等于管控值27,,,,,,
温州,温_B_龙湾十分局双油机局,4F_ID07(4楼A区),B,,,2023/7/6,22-28,33.7,26.05,59,60,29,27,4,"['1652585-32333944*3832491-57960234','3832490-57960209*3832490-57960208','3832490-57960210*3832490-57960207','3832490-57960211*3832490-57960206','3832490-57960212*3832490-57960205','3832490-57960213*3832490-57960204','3832490-57960214*3832490-57960203','3832490-57960215*3832490-57960202','3832491-57960231','3832491-57960231*3832490-57960215','3832491-57960232','3832491-57960232*3832490-57960214','3832491-57960233','3832491-57960233*3832490-57960213','3832491-57960234*3832490-57960212','3832491-57960235','3832491-57960235*3832490-57960211','3832491-57960236','3832491-57960236*3832490-57960210','3832491-57960237*3832490-57960209','3832491-57960238','3832491-57960238*3832491-57960237','3832491-57960239','3832491-57960240','3832491-57960241','3832491-57960242','3832491-57960243','3832491-57960245','3832491-57960245*3832491-57960243','3832491-57960246','3832491-57960246*3832491-57960242','3832491-57960247','3832491-57960247*3832491-57960241','3832491-57960248','3832491-57960248*3832491-57960240','3832491-57960249','3832491-57960249*3832491-57960239','3832491-57960250','3832491-57960251']","['1652585-32333943','1652585-32333944']","['1652846','1652847','1652848']",,该机房为B类机房，环境温度的最大值26.05低于管控值27，环境温度存在稳定值25.12，方差为0.13，温度的九分位数为25.45，故设置环境阈值为27，等于管控值27,,,,,,
湖州,湖_B_吴兴红旗母局,4FZ04机房,B,,,2023/7/6,22-28,33.6,27.5,59,60,29,28,20,"['3819037-57693966','3819038-57692539','3819038-57692539*3819039-57692545','3819039-57692545','3819040-57692551','3819040-57692551*3819041-57692557','3819041-57692557','3819042-57692563','3819043-57692569','3819044-57692575','3819045-57692581','3819046-57692587','3819046-57692587*3819047-57692593','3819048-57692599']","['3819049-57692605','3819050-57692611']","['3819001','3819002','3819003','3819004','3819005','3819006','3819007','3819008','3819068','3819069','3819071','3819072','3819073','3819074','3819075','3819076','3819077','3841074','3842170']",,该机房为B类机房，环境温度的最大值27.5低于管控上限值29，环境温度存在稳定值26.78，方差为0.04，温度的九分位数为27.05，故设置环境阈值为28，是稳定值26.78向上取整+1,,,,,,
湖州,湖_C_德清英溪局,3FID01机房,C,,,2023/7/6,23-29,39.2,24.9,59,60,29,28,5,"['3835823-58028801','3835823-58028801*3835826-58028819','3835824-58028807','3835824-58028807*3835827-58028825','3835825-58028813','3835826-58028819*3835829-58028837','3835827-58028825','3835828-58028831','3835828-58028831*3835831-58028849','3835829-58028837*3835832-58028855','3835830-58028843','3835831-58028849*3835834-58028867','3835832-58028855*3835835-58028873','3835833-58028861','3835833-58028861*3835836-58028879','3835834-58028867*3835837-58028885','3835835-58028873*3835838-58028891','3835836-58028879*3835839-58028897','3835837-58028885','3835838-58028891*3835841-58028909','3835839-58028897*3835842-58028915','3835840-58028903','3835841-58028909*3835844-58028927','3835842-58028915','3835843-58028921','3835843-58028921*3835846-58028939','3835844-58028927*3835848-58028951','3835845-58028933','3835845-58028933*3835849-58028957','3835846-58028939*3835850-58028963','3835848-58028951*3835851-58028969','3835849-58028957*3835852-58028975','3835850-58028963*3835853-58028981','3835851-58028969*3835854-58028987','3835852-58028975*3835855-58028993','3835853-58028981','3835854-58028987*3835857-58029005','3835855-58028993*3835858-58029011','3835856-58028999','3835857-58029005*3835860-58029023','3835858-58029011*3835861-58029029','3835859-58029017','3835859-58029017*3835862-58029035']",['3835847-58028945'],"['893031','893036','893040','893045']",,该机房为C类机房，环境温度的最大值24.9低于管控值28，环境温度存在稳定值23.67，方差为0.09，温度的九分位数为24.1，故设置环境阈值为28，等于管控值28,,,,,,
舟山,舟_D_定海白泉局,2F交换机房,D,,,2023/7/6,26-30,33.8,31.95,59,60,29,32,2,"['3808330-57557142','3808331-57557144','3808332-57557146']","['1848770-34083262','1848770-34083263']",['3807662'],,该机房为D类机房，环境温度的最大值31.95低于管控上限值35，环境温度存在稳定值30.92，方差为0.15，温度的九分位数为31.55，故设置环境阈值为32，是稳定值30.92向上取整+1,,,,,,
舟山,舟_D_普陀六横局,2F综合机房,D,,,2023/7/6,24-30,31.1,29,59,60,29,30,2,"['3814946-57589606','3814946-57589606*3814948-57589612*3814954-57589647*2221338-36769548','3814947-57589609','3814948-57589612','3814949-57589615','3814954-57589647']",['2221338-36769548'],['3814937'],,该机房为D类机房，环境温度的最大值29.0低于管控值30，环境温度存在稳定值27.85，方差为0.14，温度的九分位数为28.2，故设置环境阈值为30，等于管控值30,,,,,,
金华,婺_C_兰溪城西局,2F数据机房,C,,,2023/7/6,24-29,38.5,27.6,59,60,29,28,2,"['3808889-57445095','3808890-57445101','3808891-57445107','3808892-57445113']",['39289-1603719'],['1227965'],,该机房为C类机房，环境温度的最大值27.6低于管控值28，环境温度存在稳定值24.23，方差为0.87，温度的九分位数为26.2，故设置环境阈值为28，等于管控值28,,,,,,
嘉兴,禾_D_嘉兴高中园区局,1F综合机房,D,,,2023/7/6,25-30,42.4,31.1,59,60,34,32,2,"['3809696-57463878','3809697-57463884','3809699-57463896']",['3809698-57463890'],['362741'],1,该机房为D类机房，环境温度的最大值31.1低于管控上限值35，环境温度存在稳定值30.25，方差为0.28，温度的九分位数为30.8，故设置环境阈值为32，是稳定值30.25向上取整+1,,,,,,
嘉兴,禾_D_桐乡台商局,2F综合机房,D,,,2023/7/6,24-30,34.1,33.2,59,60,34,32,2,"['3801966-57162743','3801967-57162749']",['3801968-57162755'],['876869'],1,该机房为D类机房，环境温度的最大值33.2低于管控上限值35，环境温度存在稳定值30.82，方差为0.96，温度的九分位数为32.1，故设置环境阈值为32，是稳定值30.82向上取整+1,,,,,,
嘉兴,禾_S_海盐电信大楼(A)C网基站,8F综合机房,C,,,2023/7/6,25-29,39.1,29.9,59,60,34,33,4,"['3808224-57414009','3808225-57414015','3808226-57414021']","['3808223-57414003','641593-14382965']","['3808222','641591','641592']",1,该机房为C类机房，环境温度的最大值29.9低于管控上限值30，环境温度存在稳定值28.7，方差为0.43，温度的九分位数为29.2，故设置环境阈值为30，是稳定值28.7向上取整+1,,,,,
金华,婺_D_兰溪洪大塘局,1F综合机房,D,未实施,,2023/3/24预,22-29,42,29.4,46,47,29,31,1,,,,,,,,,,
绍兴,绍_B_绍兴城东AI局,5F公安机房,B,,"2023/4/11开启过后因7天重新采集回退
2023/6/29开启后空调3807611报“未找到监控点”错误",,22-28,,22,59,60,29,27,4,[],['3807631-57399025'],"['3807611','3807612','3807613']",,该机房为B类机房，环境温度的最大值22.0低于管控值27，环境温度存在稳定值21.24，方差为0.09，温度的九分位数为21.6，故设置环境阈值为27，等于管控值27,,,,,
,,,,,,,,,,,,,,,,,,,,,,,,,
,,,,,,,,,,,,,,,,,,,,,,,,,
,,,,,,,,,,,,,,,,,,,,,,,,,
,,,,,,,,,,,,,,,,,,,,,,,,,
,,,,,,,,,,,,,,,,,,,,,,,,,
,,,,,,,,,,,,,,,,,,,,,,,,,
,,,,,,,,,,,,,,,,,,,,,,,,,
,,,,,,,,,,,,,,,,,,,,,,,,,
,,,,,,,,,,,,,,,,,,,,,,,,,
,,,,,,,,,,,,,,,,,,,,,,,,,
,,,,,,,,,,,,,,,,,,,,,,,,,
,,,,,,,,,,,,,,,,,,,,,,,,,
,,,,,,,,,,,,,,,,,,,,,,,,,
,,,,,,,,,,,,,,,,,,,,,,,,,
,,,,,,,,,,,,,,,,,,,,,,,,,
,,,,,,,,,,,,,,,,,,,,,,,,,
,,,,,,,,,,,,,,,,,,,,,,,,,
,,,,,,,,,,,,,,,,,,,,,,,,,
,,,,,,,,,,,,,,,,,,,,,,,,,
,,,,,,,,,,,,,,,,,,,,,,,,,
,,,,,,,,,,,,,,,,,,,,,,,,,
,,,,,,,,,,,,,,,,,,,,,,,,,
,,,,,,,,,,,,,,,,,,,,,,,,,
,,,,,,,,,,,,,,,,,,,,,,,,,
,,,,,,,,,,,,,,,,,,,,,,,,,
,,,,,,,,,,,,,,,,,,,,,,,,,
,,,,,,,,,,,,,,,,,,,,,,,,,
,,,,,,,,,,,,,,,,,,,,,,,,,
,,,,,,,,,,,,,,,,,,,,,,,,,
,,,,,,,,,,,,,,,,,,,,,,,,,
,,,,,,,,,,,,,,,,,,,,,,,,,
,,,,,,,,,,,,,,,,,,,,,,,,,
,,,,,,,,,,,,,,,,,,,,,,,,,
,,,,,,,,,,,,,,,,,,,,,,,,,
,,,,,,,,,,,,,,,,,,,,,,,,,
,,,,,,,,,,,,,,,,,,,,,,,,,
,,,,,,,,,,,,,,,,,,,,,,,,,
,,,,,,,,,,,,,,,,,,,,,,,,,
,,,,,,,,,,,,,,,,,,,,,,,,,
,,,,,,,,,,,,,,,,,,,,,,,,,
,,,,,,,,,,,,,,,,,,,,,,,,,
,,,,,,,,,,,,,,,,,,,,,,,,,
,,,,,,,,,,,,,,,,,,,,,,,,,
,,,,,,,,,,,,,,,,,,,,,,,,,
,,,,,,,,,,,,,,,,,,,,,,,,,
,,,,,,,,,,,,,,,,,,,,,,,,,
,,,,,,,,,,,,,,,,,,,,,,,,,
,,,,,,,,,,,,,,,,,,,,,,,,,
,,,,,,,,,,,,,,,,,,,,,,,,,
,,,,,,,,,,,,,,,,,,,,,,,,,
,,,,,,,,,,,,,,,,,,,,,,,,,
,,,,,,,,,,,,,,,,,,,,,,,,,
,,,,,,,,,,,,,,,,,,,,,,,,,
,,,,,,,,,,,,,,,,,,,,,,,,,
,,,,,,,,,,,,,,,,,,,,,,,,,
,,,,,,,,,,,,,,,,,,,,,,,,,
,,,,,,,,,,,,,,,,,,,,,,,,,
,,,,,,,,,,,,,,,,,,,,,,,,,
,,,,,,,,,,,,,,,,,,,,,,,,,
,,,,,,,,,,,,,,,,,,,,,,,,,
,,,,,,,,,,,,,,,,,,,,,,,,,
,,,,,,,,,,,,,,,,,,,,,,,,,
,,,,,,,,,,,,,,,,,,,,,,,,,
,,,,,,,,,,,,,,,,,,,,,,,,,
,,,,,,,,,,,,,,,,,,,,,,,,,
,,,,,,,,,,,,,,,,,,,,,,,,,
,,,,,,,,,,,,,,,,,,,,,,,,,
,,,,,,,,,,,,,,,,,,,,,,,,,
,,,,,,,,,,,,,,,,,,,,,,,,,
,,,,,,,,,,,,,,,,,,,,,,,,,
,,,,,,,,,,,,,,,,,,,,,,,,,
,,,,,,,,,,,,,,,,,,,,,,,,,
,,,,,,,,,,,,,,,,,,,,,,,,,
